"","site","position","volumetric_water_content_cm3_cm3","date2","depth_cm","moisture"
"1","acidic tundra","dry",0.1645,2021-07-06,15,36.07397
"2","acidic tundra","dry",0.1645,2021-07-06,15,36.09085
"3","acidic tundra","dry",0.1645,2021-07-06,15,36.11216
"4","acidic tundra","dry",0.1645,2021-07-06,15,36.1552
"5","acidic tundra","dry",0.1645,2021-07-06,15,36.1733
"6","acidic tundra","dry",0.1645,2021-07-06,15,36.15601
"7","acidic tundra","dry",0.1645,2021-07-06,15,36.14473
"8","acidic tundra","dry",0.1645,2021-07-06,15,36.07036
"9","acidic tundra","dry",0.1645,2021-07-06,15,36.0993
"10","acidic tundra","dry",0.1645,2021-07-06,15,36.03741
"11","acidic tundra","dry",0.1645,2021-07-06,15,36.02617
"12","acidic tundra","dry",0.1645,2021-07-06,15,36.01131
"13","acidic tundra","dry",0.1645,2021-07-06,15,36.01011
"14","acidic tundra","dry",0.1645,2021-07-06,15,35.99847
"15","acidic tundra","dry",0.21,2021-07-06,15,36.07397
"16","acidic tundra","dry",0.21,2021-07-06,15,36.09085
"17","acidic tundra","dry",0.21,2021-07-06,15,36.11216
"18","acidic tundra","dry",0.21,2021-07-06,15,36.1552
"19","acidic tundra","dry",0.21,2021-07-06,15,36.1733
"20","acidic tundra","dry",0.21,2021-07-06,15,36.15601
"21","acidic tundra","dry",0.21,2021-07-06,15,36.14473
"22","acidic tundra","dry",0.21,2021-07-06,15,36.07036
"23","acidic tundra","dry",0.21,2021-07-06,15,36.0993
"24","acidic tundra","dry",0.21,2021-07-06,15,36.03741
"25","acidic tundra","dry",0.21,2021-07-06,15,36.02617
"26","acidic tundra","dry",0.21,2021-07-06,15,36.01131
"27","acidic tundra","dry",0.21,2021-07-06,15,36.01011
"28","acidic tundra","dry",0.21,2021-07-06,15,35.99847
"29","acidic tundra","dry",0.178,2021-07-06,5,32.68103
"30","acidic tundra","dry",0.178,2021-07-06,5,32.71487
"31","acidic tundra","dry",0.178,2021-07-06,5,32.63233
"32","acidic tundra","dry",0.178,2021-07-06,5,32.5495
"33","acidic tundra","dry",0.178,2021-07-06,5,32.3582
"34","acidic tundra","dry",0.178,2021-07-06,5,32.14524
"35","acidic tundra","dry",0.178,2021-07-06,5,31.81842
"36","acidic tundra","dry",0.178,2021-07-06,5,31.56466
"37","acidic tundra","dry",0.178,2021-07-06,5,30.90794
"38","acidic tundra","dry",0.178,2021-07-06,5,30.84449
"39","acidic tundra","dry",0.178,2021-07-06,5,30.68444
"40","acidic tundra","dry",0.178,2021-07-06,5,30.70267
"41","acidic tundra","dry",0.178,2021-07-06,5,30.76207
"42","acidic tundra","dry",0.4074,2021-07-06,15,36.07397
"43","acidic tundra","dry",0.4074,2021-07-06,15,36.09085
"44","acidic tundra","dry",0.4074,2021-07-06,15,36.11216
"45","acidic tundra","dry",0.4074,2021-07-06,15,36.1552
"46","acidic tundra","dry",0.4074,2021-07-06,15,36.1733
"47","acidic tundra","dry",0.4074,2021-07-06,15,36.15601
"48","acidic tundra","dry",0.4074,2021-07-06,15,36.14473
"49","acidic tundra","dry",0.4074,2021-07-06,15,36.07036
"50","acidic tundra","dry",0.4074,2021-07-06,15,36.0993
"51","acidic tundra","dry",0.4074,2021-07-06,15,36.03741
"52","acidic tundra","dry",0.4074,2021-07-06,15,36.02617
"53","acidic tundra","dry",0.4074,2021-07-06,15,36.01131
"54","acidic tundra","dry",0.4074,2021-07-06,15,36.01011
"55","acidic tundra","dry",0.4074,2021-07-06,15,35.99847
"56","acidic tundra","dry",0.2745,2021-07-06,5,32.68103
"57","acidic tundra","dry",0.2745,2021-07-06,5,32.71487
"58","acidic tundra","dry",0.2745,2021-07-06,5,32.63233
"59","acidic tundra","dry",0.2745,2021-07-06,5,32.5495
"60","acidic tundra","dry",0.2745,2021-07-06,5,32.3582
"61","acidic tundra","dry",0.2745,2021-07-06,5,32.14524
"62","acidic tundra","dry",0.2745,2021-07-06,5,31.81842
"63","acidic tundra","dry",0.2745,2021-07-06,5,31.56466
"64","acidic tundra","dry",0.2745,2021-07-06,5,30.90794
"65","acidic tundra","dry",0.2745,2021-07-06,5,30.84449
"66","acidic tundra","dry",0.2745,2021-07-06,5,30.68444
"67","acidic tundra","dry",0.2745,2021-07-06,5,30.70267
"68","acidic tundra","dry",0.2745,2021-07-06,5,30.76207
"69","acidic tundra","dry",0.2856,2021-07-06,15,36.07397
"70","acidic tundra","dry",0.2856,2021-07-06,15,36.09085
"71","acidic tundra","dry",0.2856,2021-07-06,15,36.11216
"72","acidic tundra","dry",0.2856,2021-07-06,15,36.1552
"73","acidic tundra","dry",0.2856,2021-07-06,15,36.1733
"74","acidic tundra","dry",0.2856,2021-07-06,15,36.15601
"75","acidic tundra","dry",0.2856,2021-07-06,15,36.14473
"76","acidic tundra","dry",0.2856,2021-07-06,15,36.07036
"77","acidic tundra","dry",0.2856,2021-07-06,15,36.0993
"78","acidic tundra","dry",0.2856,2021-07-06,15,36.03741
"79","acidic tundra","dry",0.2856,2021-07-06,15,36.02617
"80","acidic tundra","dry",0.2856,2021-07-06,15,36.01131
"81","acidic tundra","dry",0.2856,2021-07-06,15,36.01011
"82","acidic tundra","dry",0.2856,2021-07-06,15,35.99847
"83","acidic tundra","mesic",0.2168,2021-07-06,15,37.2926
"84","acidic tundra","mesic",0.2168,2021-07-06,15,37.29387
"85","acidic tundra","mesic",0.2168,2021-07-06,15,37.33305
"86","acidic tundra","mesic",0.2168,2021-07-06,15,37.43302
"87","acidic tundra","mesic",0.2168,2021-07-06,15,37.43048
"88","acidic tundra","mesic",0.2168,2021-07-06,15,37.4212
"89","acidic tundra","mesic",0.2168,2021-07-06,15,37.41654
"90","acidic tundra","mesic",0.2168,2021-07-06,15,37.41359
"91","acidic tundra","mesic",0.2168,2021-07-06,15,37.30735
"92","acidic tundra","mesic",0.2168,2021-07-06,15,37.26228
"93","acidic tundra","mesic",0.2168,2021-07-06,15,37.26734
"94","acidic tundra","mesic",0.2168,2021-07-06,15,37.22062
"95","acidic tundra","mesic",0.2168,2021-07-06,15,37.22609
"96","acidic tundra","mesic",0.2168,2021-07-06,15,37.22356
"97","acidic tundra","mesic",0.1878,2021-07-06,25,34.08031
"98","acidic tundra","mesic",0.1878,2021-07-06,25,34.08783
"99","acidic tundra","mesic",0.1878,2021-07-06,25,34.08683
"100","acidic tundra","mesic",0.1878,2021-07-06,25,34.17008
"101","acidic tundra","mesic",0.1878,2021-07-06,25,34.21877
"102","acidic tundra","mesic",0.1878,2021-07-06,25,34.21626
"103","acidic tundra","mesic",0.1878,2021-07-06,25,34.21075
"104","acidic tundra","mesic",0.1878,2021-07-06,25,34.21075
"105","acidic tundra","mesic",0.1878,2021-07-06,25,34.21375
"106","acidic tundra","mesic",0.1878,2021-07-06,25,34.11991
"107","acidic tundra","mesic",0.1878,2021-07-06,25,34.08081
"108","acidic tundra","mesic",0.1878,2021-07-06,25,34.04576
"109","acidic tundra","mesic",0.1878,2021-07-06,25,34.03825
"110","acidic tundra","mesic",0.1878,2021-07-06,25,34.04525
"111","acidic tundra","mesic",0.2584,2021-07-06,5,23.54206
"112","acidic tundra","mesic",0.2584,2021-07-06,5,23.59321
"113","acidic tundra","mesic",0.2584,2021-07-06,5,23.59512
"114","acidic tundra","mesic",0.2584,2021-07-06,5,23.61006
"115","acidic tundra","mesic",0.2584,2021-07-06,5,23.59385
"116","acidic tundra","mesic",0.2584,2021-07-06,5,23.51732
"117","acidic tundra","mesic",0.2584,2021-07-06,5,23.44412
"118","acidic tundra","mesic",0.2584,2021-07-06,5,23.35523
"119","acidic tundra","mesic",0.2584,2021-07-06,5,23.17525
"120","acidic tundra","mesic",0.2584,2021-07-06,5,23.06065
"121","acidic tundra","mesic",0.2584,2021-07-06,5,22.99424
"122","acidic tundra","mesic",0.2584,2021-07-06,5,22.96326
"123","acidic tundra","mesic",0.2584,2021-07-06,5,22.99455
"124","acidic tundra","mesic",0.2584,2021-07-06,5,23.01052
"125","acidic tundra","mesic",0.339,2021-07-06,15,37.2926
"126","acidic tundra","mesic",0.339,2021-07-06,15,37.29387
"127","acidic tundra","mesic",0.339,2021-07-06,15,37.33305
"128","acidic tundra","mesic",0.339,2021-07-06,15,37.43302
"129","acidic tundra","mesic",0.339,2021-07-06,15,37.43048
"130","acidic tundra","mesic",0.339,2021-07-06,15,37.4212
"131","acidic tundra","mesic",0.339,2021-07-06,15,37.41654
"132","acidic tundra","mesic",0.339,2021-07-06,15,37.41359
"133","acidic tundra","mesic",0.339,2021-07-06,15,37.30735
"134","acidic tundra","mesic",0.339,2021-07-06,15,37.26228
"135","acidic tundra","mesic",0.339,2021-07-06,15,37.26734
"136","acidic tundra","mesic",0.339,2021-07-06,15,37.22062
"137","acidic tundra","mesic",0.339,2021-07-06,15,37.22609
"138","acidic tundra","mesic",0.339,2021-07-06,15,37.22356
"139","acidic tundra","mesic",0.2601,2021-07-06,5,23.54206
"140","acidic tundra","mesic",0.2601,2021-07-06,5,23.59321
"141","acidic tundra","mesic",0.2601,2021-07-06,5,23.59512
"142","acidic tundra","mesic",0.2601,2021-07-06,5,23.61006
"143","acidic tundra","mesic",0.2601,2021-07-06,5,23.59385
"144","acidic tundra","mesic",0.2601,2021-07-06,5,23.51732
"145","acidic tundra","mesic",0.2601,2021-07-06,5,23.44412
"146","acidic tundra","mesic",0.2601,2021-07-06,5,23.35523
"147","acidic tundra","mesic",0.2601,2021-07-06,5,23.17525
"148","acidic tundra","mesic",0.2601,2021-07-06,5,23.06065
"149","acidic tundra","mesic",0.2601,2021-07-06,5,22.99424
"150","acidic tundra","mesic",0.2601,2021-07-06,5,22.96326
"151","acidic tundra","mesic",0.2601,2021-07-06,5,22.99455
"152","acidic tundra","mesic",0.2601,2021-07-06,5,23.01052
"153","acidic tundra","hydric",0.49,2021-07-06,15,51.66588
"154","acidic tundra","hydric",0.49,2021-07-06,15,51.76683
"155","acidic tundra","hydric",0.49,2021-07-06,15,51.85977
"156","acidic tundra","hydric",0.49,2021-07-06,15,51.8933
"157","acidic tundra","hydric",0.49,2021-07-06,15,51.87383
"158","acidic tundra","hydric",0.49,2021-07-06,15,51.66481
"159","acidic tundra","hydric",0.49,2021-07-06,15,51.47404
"160","acidic tundra","hydric",0.49,2021-07-06,15,51.22679
"161","acidic tundra","hydric",0.49,2021-07-06,15,50.99414
"162","acidic tundra","hydric",0.49,2021-07-06,15,50.84761
"163","acidic tundra","hydric",0.49,2021-07-06,15,50.71571
"164","acidic tundra","hydric",0.49,2021-07-06,15,50.59414
"165","acidic tundra","hydric",0.49,2021-07-06,15,50.68743
"166","acidic tundra","hydric",0.49,2021-07-06,15,50.83905
"167","acidic tundra","hydric",0.376,2021-07-06,15,51.66588
"168","acidic tundra","hydric",0.376,2021-07-06,15,51.76683
"169","acidic tundra","hydric",0.376,2021-07-06,15,51.85977
"170","acidic tundra","hydric",0.376,2021-07-06,15,51.8933
"171","acidic tundra","hydric",0.376,2021-07-06,15,51.87383
"172","acidic tundra","hydric",0.376,2021-07-06,15,51.66481
"173","acidic tundra","hydric",0.376,2021-07-06,15,51.47404
"174","acidic tundra","hydric",0.376,2021-07-06,15,51.22679
"175","acidic tundra","hydric",0.376,2021-07-06,15,50.99414
"176","acidic tundra","hydric",0.376,2021-07-06,15,50.84761
"177","acidic tundra","hydric",0.376,2021-07-06,15,50.71571
"178","acidic tundra","hydric",0.376,2021-07-06,15,50.59414
"179","acidic tundra","hydric",0.376,2021-07-06,15,50.68743
"180","acidic tundra","hydric",0.376,2021-07-06,15,50.83905
"181","acidic tundra","hydric",0.1998,2021-07-06,15,51.66588
"182","acidic tundra","hydric",0.1998,2021-07-06,15,51.76683
"183","acidic tundra","hydric",0.1998,2021-07-06,15,51.85977
"184","acidic tundra","hydric",0.1998,2021-07-06,15,51.8933
"185","acidic tundra","hydric",0.1998,2021-07-06,15,51.87383
"186","acidic tundra","hydric",0.1998,2021-07-06,15,51.66481
"187","acidic tundra","hydric",0.1998,2021-07-06,15,51.47404
"188","acidic tundra","hydric",0.1998,2021-07-06,15,51.22679
"189","acidic tundra","hydric",0.1998,2021-07-06,15,50.99414
"190","acidic tundra","hydric",0.1998,2021-07-06,15,50.84761
"191","acidic tundra","hydric",0.1998,2021-07-06,15,50.71571
"192","acidic tundra","hydric",0.1998,2021-07-06,15,50.59414
"193","acidic tundra","hydric",0.1998,2021-07-06,15,50.68743
"194","acidic tundra","hydric",0.1998,2021-07-06,15,50.83905
"195","acidic tundra","hydric",0.574,2021-07-06,15,51.66588
"196","acidic tundra","hydric",0.574,2021-07-06,15,51.76683
"197","acidic tundra","hydric",0.574,2021-07-06,15,51.85977
"198","acidic tundra","hydric",0.574,2021-07-06,15,51.8933
"199","acidic tundra","hydric",0.574,2021-07-06,15,51.87383
"200","acidic tundra","hydric",0.574,2021-07-06,15,51.66481
"201","acidic tundra","hydric",0.574,2021-07-06,15,51.47404
"202","acidic tundra","hydric",0.574,2021-07-06,15,51.22679
"203","acidic tundra","hydric",0.574,2021-07-06,15,50.99414
"204","acidic tundra","hydric",0.574,2021-07-06,15,50.84761
"205","acidic tundra","hydric",0.574,2021-07-06,15,50.71571
"206","acidic tundra","hydric",0.574,2021-07-06,15,50.59414
"207","acidic tundra","hydric",0.574,2021-07-06,15,50.68743
"208","acidic tundra","hydric",0.574,2021-07-06,15,50.83905
"209","non-acidic tundra","dry",0.3696,2021-07-07,15,49.19392
"210","non-acidic tundra","dry",0.3696,2021-07-07,15,49.03566
"211","non-acidic tundra","dry",0.3696,2021-07-07,15,48.79882
"212","non-acidic tundra","dry",0.3696,2021-07-07,15,48.42917
"213","non-acidic tundra","dry",0.3696,2021-07-07,15,48.3664
"214","non-acidic tundra","dry",0.3696,2021-07-07,15,48.17844
"215","non-acidic tundra","dry",0.3696,2021-07-07,15,47.8973
"216","non-acidic tundra","dry",0.3696,2021-07-07,15,47.80379
"217","non-acidic tundra","dry",0.3696,2021-07-07,15,47.7182
"218","non-acidic tundra","dry",0.476,2021-07-07,15,49.19392
"219","non-acidic tundra","dry",0.476,2021-07-07,15,49.03566
"220","non-acidic tundra","dry",0.476,2021-07-07,15,48.79882
"221","non-acidic tundra","dry",0.476,2021-07-07,15,48.42917
"222","non-acidic tundra","dry",0.476,2021-07-07,15,48.3664
"223","non-acidic tundra","dry",0.476,2021-07-07,15,48.17844
"224","non-acidic tundra","dry",0.476,2021-07-07,15,47.8973
"225","non-acidic tundra","dry",0.476,2021-07-07,15,47.80379
"226","non-acidic tundra","dry",0.476,2021-07-07,15,47.7182
"227","non-acidic tundra","dry",0.2544,2021-07-07,15,49.19392
"228","non-acidic tundra","dry",0.2544,2021-07-07,15,49.03566
"229","non-acidic tundra","dry",0.2544,2021-07-07,15,48.79882
"230","non-acidic tundra","dry",0.2544,2021-07-07,15,48.42917
"231","non-acidic tundra","dry",0.2544,2021-07-07,15,48.3664
"232","non-acidic tundra","dry",0.2544,2021-07-07,15,48.17844
"233","non-acidic tundra","dry",0.2544,2021-07-07,15,47.8973
"234","non-acidic tundra","dry",0.2544,2021-07-07,15,47.80379
"235","non-acidic tundra","dry",0.2544,2021-07-07,15,47.7182
"236","non-acidic tundra","dry",0.6233,2021-07-07,15,49.19392
"237","non-acidic tundra","dry",0.6233,2021-07-07,15,49.03566
"238","non-acidic tundra","dry",0.6233,2021-07-07,15,48.79882
"239","non-acidic tundra","dry",0.6233,2021-07-07,15,48.42917
"240","non-acidic tundra","dry",0.6233,2021-07-07,15,48.3664
"241","non-acidic tundra","dry",0.6233,2021-07-07,15,48.17844
"242","non-acidic tundra","dry",0.6233,2021-07-07,15,47.8973
"243","non-acidic tundra","dry",0.6233,2021-07-07,15,47.80379
"244","non-acidic tundra","dry",0.6233,2021-07-07,15,47.7182
"245","non-acidic tundra","mesic",0.4239,2021-07-07,15,33.67085
"246","non-acidic tundra","mesic",0.4239,2021-07-07,15,33.5832
"247","non-acidic tundra","mesic",0.4239,2021-07-07,15,33.54411
"248","non-acidic tundra","mesic",0.4239,2021-07-07,15,33.55347
"249","non-acidic tundra","mesic",0.4239,2021-07-07,15,33.53272
"250","non-acidic tundra","mesic",0.4239,2021-07-07,15,33.50422
"251","non-acidic tundra","mesic",0.4239,2021-07-07,15,33.41197
"252","non-acidic tundra","mesic",0.4239,2021-07-07,15,33.14621
"253","non-acidic tundra","mesic",0.3724,2021-07-07,5,11.56394
"254","non-acidic tundra","mesic",0.3724,2021-07-07,5,11.81659
"255","non-acidic tundra","mesic",0.3724,2021-07-07,5,11.98066
"256","non-acidic tundra","mesic",0.3724,2021-07-07,5,12.05907
"257","non-acidic tundra","mesic",0.3724,2021-07-07,5,12.01366
"258","non-acidic tundra","mesic",0.3724,2021-07-07,5,11.78134
"259","non-acidic tundra","mesic",0.3724,2021-07-07,5,11.53
"260","non-acidic tundra","mesic",0.3724,2021-07-07,5,11.10957
"261","non-acidic tundra","mesic",0.3724,2021-07-07,5,10.22571
"262","non-acidic tundra","mesic",0.5432,2021-07-07,15,33.67085
"263","non-acidic tundra","mesic",0.5432,2021-07-07,15,33.5832
"264","non-acidic tundra","mesic",0.5432,2021-07-07,15,33.54411
"265","non-acidic tundra","mesic",0.5432,2021-07-07,15,33.55347
"266","non-acidic tundra","mesic",0.5432,2021-07-07,15,33.53272
"267","non-acidic tundra","mesic",0.5432,2021-07-07,15,33.50422
"268","non-acidic tundra","mesic",0.5432,2021-07-07,15,33.41197
"269","non-acidic tundra","mesic",0.5432,2021-07-07,15,33.14621
"270","non-acidic tundra","mesic",0.372,2021-07-07,5,11.56394
"271","non-acidic tundra","mesic",0.372,2021-07-07,5,11.81659
"272","non-acidic tundra","mesic",0.372,2021-07-07,5,11.98066
"273","non-acidic tundra","mesic",0.372,2021-07-07,5,12.05907
"274","non-acidic tundra","mesic",0.372,2021-07-07,5,12.01366
"275","non-acidic tundra","mesic",0.372,2021-07-07,5,11.78134
"276","non-acidic tundra","mesic",0.372,2021-07-07,5,11.53
"277","non-acidic tundra","mesic",0.372,2021-07-07,5,11.10957
"278","non-acidic tundra","mesic",0.372,2021-07-07,5,10.22571
"279","non-acidic tundra","mesic",0.608,2021-07-07,15,33.67085
"280","non-acidic tundra","mesic",0.608,2021-07-07,15,33.5832
"281","non-acidic tundra","mesic",0.608,2021-07-07,15,33.54411
"282","non-acidic tundra","mesic",0.608,2021-07-07,15,33.55347
"283","non-acidic tundra","mesic",0.608,2021-07-07,15,33.53272
"284","non-acidic tundra","mesic",0.608,2021-07-07,15,33.50422
"285","non-acidic tundra","mesic",0.608,2021-07-07,15,33.41197
"286","non-acidic tundra","mesic",0.608,2021-07-07,15,33.14621
"287","non-acidic tundra","hydric",0.7308,2021-07-07,5,NA
"288","non-acidic tundra","hydric",0.666,2021-07-07,15,NA
"289","non-acidic tundra","hydric",0.5203,2021-07-07,5,NA
"290","non-acidic tundra","hydric",0.6622,2021-07-07,15,NA
"291","non-acidic tundra","hydric",0.418,2021-07-07,5,NA
"292","non-acidic tundra","hydric",0.4884,2021-07-07,25,NA
"293","non-acidic tundra","dry",0.197,2021-07-13,5,18.63065
"294","non-acidic tundra","dry",0.197,2021-07-13,5,18.81778
"295","non-acidic tundra","dry",0.197,2021-07-13,5,18.9297
"296","non-acidic tundra","dry",0.197,2021-07-13,5,18.87214
"297","non-acidic tundra","dry",0.197,2021-07-13,5,18.80369
"298","non-acidic tundra","dry",0.197,2021-07-13,5,18.50242
"299","non-acidic tundra","dry",0.197,2021-07-13,5,18.16497
"300","non-acidic tundra","dry",0.197,2021-07-13,5,18.13301
"301","non-acidic tundra","dry",0.197,2021-07-13,5,18.33476
"302","non-acidic tundra","dry",0.197,2021-07-13,5,18.35914
"303","non-acidic tundra","dry",0.197,2021-07-13,5,18.38489
"304","non-acidic tundra","dry",0.197,2021-07-13,5,18.8085
"305","non-acidic tundra","dry",0.197,2021-07-13,5,18.61766
"306","non-acidic tundra","dry",0.197,2021-07-13,5,18.77728
"307","non-acidic tundra","dry",0.5644,2021-07-13,15,44.58478
"308","non-acidic tundra","dry",0.5644,2021-07-13,15,44.59972
"309","non-acidic tundra","dry",0.5644,2021-07-13,15,44.57732
"310","non-acidic tundra","dry",0.5644,2021-07-13,15,44.57732
"311","non-acidic tundra","dry",0.5644,2021-07-13,15,44.6072
"312","non-acidic tundra","dry",0.5644,2021-07-13,15,44.6072
"313","non-acidic tundra","dry",0.5644,2021-07-13,15,44.57732
"314","non-acidic tundra","dry",0.5644,2021-07-13,15,44.54743
"315","non-acidic tundra","dry",0.5644,2021-07-13,15,44.52507
"316","non-acidic tundra","dry",0.5644,2021-07-13,15,44.56237
"317","non-acidic tundra","dry",0.5644,2021-07-13,15,44.53998
"318","non-acidic tundra","dry",0.5644,2021-07-13,15,44.51758
"319","non-acidic tundra","dry",0.5644,2021-07-13,15,44.51758
"320","non-acidic tundra","dry",0.5644,2021-07-13,15,44.54743
"321","non-acidic tundra","dry",0.2624,2021-07-13,15,44.58478
"322","non-acidic tundra","dry",0.2624,2021-07-13,15,44.59972
"323","non-acidic tundra","dry",0.2624,2021-07-13,15,44.57732
"324","non-acidic tundra","dry",0.2624,2021-07-13,15,44.57732
"325","non-acidic tundra","dry",0.2624,2021-07-13,15,44.6072
"326","non-acidic tundra","dry",0.2624,2021-07-13,15,44.6072
"327","non-acidic tundra","dry",0.2624,2021-07-13,15,44.57732
"328","non-acidic tundra","dry",0.2624,2021-07-13,15,44.54743
"329","non-acidic tundra","dry",0.2624,2021-07-13,15,44.52507
"330","non-acidic tundra","dry",0.2624,2021-07-13,15,44.56237
"331","non-acidic tundra","dry",0.2624,2021-07-13,15,44.53998
"332","non-acidic tundra","dry",0.2624,2021-07-13,15,44.51758
"333","non-acidic tundra","dry",0.2624,2021-07-13,15,44.51758
"334","non-acidic tundra","dry",0.2624,2021-07-13,15,44.54743
"335","non-acidic tundra","dry",0.5418,2021-07-13,15,44.58478
"336","non-acidic tundra","dry",0.5418,2021-07-13,15,44.59972
"337","non-acidic tundra","dry",0.5418,2021-07-13,15,44.57732
"338","non-acidic tundra","dry",0.5418,2021-07-13,15,44.57732
"339","non-acidic tundra","dry",0.5418,2021-07-13,15,44.6072
"340","non-acidic tundra","dry",0.5418,2021-07-13,15,44.6072
"341","non-acidic tundra","dry",0.5418,2021-07-13,15,44.57732
"342","non-acidic tundra","dry",0.5418,2021-07-13,15,44.54743
"343","non-acidic tundra","dry",0.5418,2021-07-13,15,44.52507
"344","non-acidic tundra","dry",0.5418,2021-07-13,15,44.56237
"345","non-acidic tundra","dry",0.5418,2021-07-13,15,44.53998
"346","non-acidic tundra","dry",0.5418,2021-07-13,15,44.51758
"347","non-acidic tundra","dry",0.5418,2021-07-13,15,44.51758
"348","non-acidic tundra","dry",0.5418,2021-07-13,15,44.54743
"349","non-acidic tundra","dry",0.185,2021-07-13,15,44.58478
"350","non-acidic tundra","dry",0.185,2021-07-13,15,44.59972
"351","non-acidic tundra","dry",0.185,2021-07-13,15,44.57732
"352","non-acidic tundra","dry",0.185,2021-07-13,15,44.57732
"353","non-acidic tundra","dry",0.185,2021-07-13,15,44.6072
"354","non-acidic tundra","dry",0.185,2021-07-13,15,44.6072
"355","non-acidic tundra","dry",0.185,2021-07-13,15,44.57732
"356","non-acidic tundra","dry",0.185,2021-07-13,15,44.54743
"357","non-acidic tundra","dry",0.185,2021-07-13,15,44.52507
"358","non-acidic tundra","dry",0.185,2021-07-13,15,44.56237
"359","non-acidic tundra","dry",0.185,2021-07-13,15,44.53998
"360","non-acidic tundra","dry",0.185,2021-07-13,15,44.51758
"361","non-acidic tundra","dry",0.185,2021-07-13,15,44.51758
"362","non-acidic tundra","dry",0.185,2021-07-13,15,44.54743
"363","non-acidic tundra","dry",0.4277,2021-07-13,25,21.01436
"364","non-acidic tundra","dry",0.4277,2021-07-13,25,21.16903
"365","non-acidic tundra","dry",0.4277,2021-07-13,25,21.34806
"366","non-acidic tundra","dry",0.4277,2021-07-13,25,21.51041
"367","non-acidic tundra","dry",0.4277,2021-07-13,25,21.66894
"368","non-acidic tundra","dry",0.4277,2021-07-13,25,21.79844
"369","non-acidic tundra","dry",0.4277,2021-07-13,25,21.92524
"370","non-acidic tundra","dry",0.4277,2021-07-13,25,22.05565
"371","non-acidic tundra","dry",0.4277,2021-07-13,25,22.18796
"372","non-acidic tundra","dry",0.4277,2021-07-13,25,22.39297
"373","non-acidic tundra","dry",0.4277,2021-07-13,25,22.53348
"374","non-acidic tundra","dry",0.4277,2021-07-13,25,22.68738
"375","non-acidic tundra","dry",0.4277,2021-07-13,25,22.83456
"376","non-acidic tundra","mesic",0.2285,2021-07-13,15,NA
"377","non-acidic tundra","mesic",0.5472,2021-07-13,15,NA
"378","non-acidic tundra","mesic",0.168,2021-07-13,5,NA
"379","non-acidic tundra","mesic",0.5712,2021-07-13,15,NA
"380","non-acidic tundra","mesic",0.3136,2021-07-13,15,NA
"381","non-acidic tundra","hydric",0.3975,2021-07-13,5,47.44192
"382","non-acidic tundra","hydric",0.3975,2021-07-13,5,48.30782
"383","non-acidic tundra","hydric",0.3975,2021-07-13,5,48.29963
"384","non-acidic tundra","hydric",0.3975,2021-07-13,5,48.30946
"385","non-acidic tundra","hydric",0.3975,2021-07-13,5,48.49032
"386","non-acidic tundra","hydric",0.3975,2021-07-13,5,48.58939
"387","non-acidic tundra","hydric",0.3975,2021-07-13,5,48.74126
"388","non-acidic tundra","hydric",0.549,2021-07-13,15,52.07059
"389","non-acidic tundra","hydric",0.549,2021-07-13,15,52.06486
"390","non-acidic tundra","hydric",0.549,2021-07-13,15,52.05111
"391","non-acidic tundra","hydric",0.549,2021-07-13,15,52.04596
"392","non-acidic tundra","hydric",0.549,2021-07-13,15,52.06428
"393","non-acidic tundra","hydric",0.549,2021-07-13,15,52.07344
"394","non-acidic tundra","hydric",0.549,2021-07-13,15,52.10781
"395","non-acidic tundra","hydric",0.645,2021-07-13,5,47.44192
"396","non-acidic tundra","hydric",0.645,2021-07-13,5,48.30782
"397","non-acidic tundra","hydric",0.645,2021-07-13,5,48.29963
"398","non-acidic tundra","hydric",0.645,2021-07-13,5,48.30946
"399","non-acidic tundra","hydric",0.645,2021-07-13,5,48.49032
"400","non-acidic tundra","hydric",0.645,2021-07-13,5,48.58939
"401","non-acidic tundra","hydric",0.645,2021-07-13,5,48.74126
"402","non-acidic tundra","hydric",0.3834,2021-07-13,15,52.07059
"403","non-acidic tundra","hydric",0.3834,2021-07-13,15,52.06486
"404","non-acidic tundra","hydric",0.3834,2021-07-13,15,52.05111
"405","non-acidic tundra","hydric",0.3834,2021-07-13,15,52.04596
"406","non-acidic tundra","hydric",0.3834,2021-07-13,15,52.06428
"407","non-acidic tundra","hydric",0.3834,2021-07-13,15,52.07344
"408","non-acidic tundra","hydric",0.3834,2021-07-13,15,52.10781
"409","non-acidic tundra","hydric",0.4961,2021-07-13,15,52.07059
"410","non-acidic tundra","hydric",0.4961,2021-07-13,15,52.06486
"411","non-acidic tundra","hydric",0.4961,2021-07-13,15,52.05111
"412","non-acidic tundra","hydric",0.4961,2021-07-13,15,52.04596
"413","non-acidic tundra","hydric",0.4961,2021-07-13,15,52.06428
"414","non-acidic tundra","hydric",0.4961,2021-07-13,15,52.07344
"415","non-acidic tundra","hydric",0.4961,2021-07-13,15,52.10781
"416","acidic tundra","dry",0.1604,2021-07-14,5,24.97189
"417","acidic tundra","dry",0.1604,2021-07-14,5,26.26934
"418","acidic tundra","dry",0.1604,2021-07-14,5,26.07424
"419","acidic tundra","dry",0.1604,2021-07-14,5,25.95121
"420","acidic tundra","dry",0.1604,2021-07-14,5,25.89158
"421","acidic tundra","dry",0.1604,2021-07-14,5,25.79039
"422","acidic tundra","dry",0.1604,2021-07-14,5,25.46222
"423","acidic tundra","dry",0.1604,2021-07-14,5,25.28074
"424","acidic tundra","dry",0.1604,2021-07-14,5,25.07286
"425","acidic tundra","dry",0.1604,2021-07-14,5,24.87147
"426","acidic tundra","dry",0.1604,2021-07-14,5,25.00654
"427","acidic tundra","dry",0.1604,2021-07-14,5,25.06185
"428","acidic tundra","dry",0.1604,2021-07-14,5,25.19719
"429","acidic tundra","dry",0.1604,2021-07-14,5,25.3077
"430","acidic tundra","dry",0.4563,2021-07-14,15,34.70812
"431","acidic tundra","dry",0.4563,2021-07-14,15,34.74858
"432","acidic tundra","dry",0.4563,2021-07-14,15,34.771
"433","acidic tundra","dry",0.4563,2021-07-14,15,34.78279
"434","acidic tundra","dry",0.4563,2021-07-14,15,34.82174
"435","acidic tundra","dry",0.4563,2021-07-14,15,34.83551
"436","acidic tundra","dry",0.4563,2021-07-14,15,34.83198
"437","acidic tundra","dry",0.4563,2021-07-14,15,34.83434
"438","acidic tundra","dry",0.4563,2021-07-14,15,34.77729
"439","acidic tundra","dry",0.4563,2021-07-14,15,34.75526
"440","acidic tundra","dry",0.4563,2021-07-14,15,34.73602
"441","acidic tundra","dry",0.4563,2021-07-14,15,34.73877
"442","acidic tundra","dry",0.4563,2021-07-14,15,34.73288
"443","acidic tundra","dry",0.4563,2021-07-14,15,34.74662
"444","acidic tundra","dry",0.2106,2021-07-14,5,24.97189
"445","acidic tundra","dry",0.2106,2021-07-14,5,26.26934
"446","acidic tundra","dry",0.2106,2021-07-14,5,26.07424
"447","acidic tundra","dry",0.2106,2021-07-14,5,25.95121
"448","acidic tundra","dry",0.2106,2021-07-14,5,25.89158
"449","acidic tundra","dry",0.2106,2021-07-14,5,25.79039
"450","acidic tundra","dry",0.2106,2021-07-14,5,25.46222
"451","acidic tundra","dry",0.2106,2021-07-14,5,25.28074
"452","acidic tundra","dry",0.2106,2021-07-14,5,25.07286
"453","acidic tundra","dry",0.2106,2021-07-14,5,24.87147
"454","acidic tundra","dry",0.2106,2021-07-14,5,25.00654
"455","acidic tundra","dry",0.2106,2021-07-14,5,25.06185
"456","acidic tundra","dry",0.2106,2021-07-14,5,25.19719
"457","acidic tundra","dry",0.2106,2021-07-14,5,25.3077
"458","acidic tundra","dry",0.552,2021-07-14,15,34.70812
"459","acidic tundra","dry",0.552,2021-07-14,15,34.74858
"460","acidic tundra","dry",0.552,2021-07-14,15,34.771
"461","acidic tundra","dry",0.552,2021-07-14,15,34.78279
"462","acidic tundra","dry",0.552,2021-07-14,15,34.82174
"463","acidic tundra","dry",0.552,2021-07-14,15,34.83551
"464","acidic tundra","dry",0.552,2021-07-14,15,34.83198
"465","acidic tundra","dry",0.552,2021-07-14,15,34.83434
"466","acidic tundra","dry",0.552,2021-07-14,15,34.77729
"467","acidic tundra","dry",0.552,2021-07-14,15,34.75526
"468","acidic tundra","dry",0.552,2021-07-14,15,34.73602
"469","acidic tundra","dry",0.552,2021-07-14,15,34.73877
"470","acidic tundra","dry",0.552,2021-07-14,15,34.73288
"471","acidic tundra","dry",0.552,2021-07-14,15,34.74662
"472","acidic tundra","dry",0.2728,2021-07-14,5,24.97189
"473","acidic tundra","dry",0.2728,2021-07-14,5,26.26934
"474","acidic tundra","dry",0.2728,2021-07-14,5,26.07424
"475","acidic tundra","dry",0.2728,2021-07-14,5,25.95121
"476","acidic tundra","dry",0.2728,2021-07-14,5,25.89158
"477","acidic tundra","dry",0.2728,2021-07-14,5,25.79039
"478","acidic tundra","dry",0.2728,2021-07-14,5,25.46222
"479","acidic tundra","dry",0.2728,2021-07-14,5,25.28074
"480","acidic tundra","dry",0.2728,2021-07-14,5,25.07286
"481","acidic tundra","dry",0.2728,2021-07-14,5,24.87147
"482","acidic tundra","dry",0.2728,2021-07-14,5,25.00654
"483","acidic tundra","dry",0.2728,2021-07-14,5,25.06185
"484","acidic tundra","dry",0.2728,2021-07-14,5,25.19719
"485","acidic tundra","dry",0.2728,2021-07-14,5,25.3077
"486","acidic tundra","dry",0.5751,2021-07-14,15,34.70812
"487","acidic tundra","dry",0.5751,2021-07-14,15,34.74858
"488","acidic tundra","dry",0.5751,2021-07-14,15,34.771
"489","acidic tundra","dry",0.5751,2021-07-14,15,34.78279
"490","acidic tundra","dry",0.5751,2021-07-14,15,34.82174
"491","acidic tundra","dry",0.5751,2021-07-14,15,34.83551
"492","acidic tundra","dry",0.5751,2021-07-14,15,34.83198
"493","acidic tundra","dry",0.5751,2021-07-14,15,34.83434
"494","acidic tundra","dry",0.5751,2021-07-14,15,34.77729
"495","acidic tundra","dry",0.5751,2021-07-14,15,34.75526
"496","acidic tundra","dry",0.5751,2021-07-14,15,34.73602
"497","acidic tundra","dry",0.5751,2021-07-14,15,34.73877
"498","acidic tundra","dry",0.5751,2021-07-14,15,34.73288
"499","acidic tundra","dry",0.5751,2021-07-14,15,34.74662
"500","acidic tundra","mesic",0.2282,2021-07-14,5,21.88028
"501","acidic tundra","mesic",0.2282,2021-07-14,5,22.82746
"502","acidic tundra","mesic",0.2282,2021-07-14,5,22.53285
"503","acidic tundra","mesic",0.2282,2021-07-14,5,22.38194
"504","acidic tundra","mesic",0.2282,2021-07-14,5,22.26569
"505","acidic tundra","mesic",0.2282,2021-07-14,5,22.14063
"506","acidic tundra","mesic",0.2282,2021-07-14,5,22.00317
"507","acidic tundra","mesic",0.2282,2021-07-14,5,22.04527
"508","acidic tundra","mesic",0.2282,2021-07-14,5,21.80462
"509","acidic tundra","mesic",0.2282,2021-07-14,5,21.55469
"510","acidic tundra","mesic",0.2282,2021-07-14,5,21.58452
"511","acidic tundra","mesic",0.2282,2021-07-14,5,21.61075
"512","acidic tundra","mesic",0.2282,2021-07-14,5,21.59115
"513","acidic tundra","mesic",0.2282,2021-07-14,5,21.67506
"514","acidic tundra","mesic",0.3256,2021-07-14,15,37.34781
"515","acidic tundra","mesic",0.3256,2021-07-14,15,37.3807
"516","acidic tundra","mesic",0.3256,2021-07-14,15,37.37438
"517","acidic tundra","mesic",0.3256,2021-07-14,15,37.36214
"518","acidic tundra","mesic",0.3256,2021-07-14,15,37.35456
"519","acidic tundra","mesic",0.3256,2021-07-14,15,37.34781
"520","acidic tundra","mesic",0.3256,2021-07-14,15,37.34822
"521","acidic tundra","mesic",0.3256,2021-07-14,15,37.31157
"522","acidic tundra","mesic",0.3256,2021-07-14,15,37.27154
"523","acidic tundra","mesic",0.3256,2021-07-14,15,37.16427
"524","acidic tundra","mesic",0.3256,2021-07-14,15,37.17435
"525","acidic tundra","mesic",0.3256,2021-07-14,15,37.14451
"526","acidic tundra","mesic",0.3256,2021-07-14,15,37.15417
"527","acidic tundra","mesic",0.5251,2021-07-14,15,37.34781
"528","acidic tundra","mesic",0.5251,2021-07-14,15,37.3807
"529","acidic tundra","mesic",0.5251,2021-07-14,15,37.37438
"530","acidic tundra","mesic",0.5251,2021-07-14,15,37.36214
"531","acidic tundra","mesic",0.5251,2021-07-14,15,37.35456
"532","acidic tundra","mesic",0.5251,2021-07-14,15,37.34781
"533","acidic tundra","mesic",0.5251,2021-07-14,15,37.34822
"534","acidic tundra","mesic",0.5251,2021-07-14,15,37.31157
"535","acidic tundra","mesic",0.5251,2021-07-14,15,37.27154
"536","acidic tundra","mesic",0.5251,2021-07-14,15,37.16427
"537","acidic tundra","mesic",0.5251,2021-07-14,15,37.17435
"538","acidic tundra","mesic",0.5251,2021-07-14,15,37.14451
"539","acidic tundra","mesic",0.5251,2021-07-14,15,37.15417
"540","acidic tundra","mesic",0.2356,2021-07-14,5,21.88028
"541","acidic tundra","mesic",0.2356,2021-07-14,5,22.82746
"542","acidic tundra","mesic",0.2356,2021-07-14,5,22.53285
"543","acidic tundra","mesic",0.2356,2021-07-14,5,22.38194
"544","acidic tundra","mesic",0.2356,2021-07-14,5,22.26569
"545","acidic tundra","mesic",0.2356,2021-07-14,5,22.14063
"546","acidic tundra","mesic",0.2356,2021-07-14,5,22.00317
"547","acidic tundra","mesic",0.2356,2021-07-14,5,22.04527
"548","acidic tundra","mesic",0.2356,2021-07-14,5,21.80462
"549","acidic tundra","mesic",0.2356,2021-07-14,5,21.55469
"550","acidic tundra","mesic",0.2356,2021-07-14,5,21.58452
"551","acidic tundra","mesic",0.2356,2021-07-14,5,21.61075
"552","acidic tundra","mesic",0.2356,2021-07-14,5,21.59115
"553","acidic tundra","mesic",0.2356,2021-07-14,5,21.67506
"554","acidic tundra","mesic",0.391,2021-07-14,15,37.34781
"555","acidic tundra","mesic",0.391,2021-07-14,15,37.3807
"556","acidic tundra","mesic",0.391,2021-07-14,15,37.37438
"557","acidic tundra","mesic",0.391,2021-07-14,15,37.36214
"558","acidic tundra","mesic",0.391,2021-07-14,15,37.35456
"559","acidic tundra","mesic",0.391,2021-07-14,15,37.34781
"560","acidic tundra","mesic",0.391,2021-07-14,15,37.34822
"561","acidic tundra","mesic",0.391,2021-07-14,15,37.31157
"562","acidic tundra","mesic",0.391,2021-07-14,15,37.27154
"563","acidic tundra","mesic",0.391,2021-07-14,15,37.16427
"564","acidic tundra","mesic",0.391,2021-07-14,15,37.17435
"565","acidic tundra","mesic",0.391,2021-07-14,15,37.14451
"566","acidic tundra","mesic",0.391,2021-07-14,15,37.15417
"567","acidic tundra","hydric",0.1962,2021-07-14,5,1.524569
"568","acidic tundra","hydric",0.1962,2021-07-14,5,1.661797
"569","acidic tundra","hydric",0.1962,2021-07-14,5,1.62047
"570","acidic tundra","hydric",0.1962,2021-07-14,5,1.565775
"571","acidic tundra","hydric",0.1962,2021-07-14,5,1.489745
"572","acidic tundra","hydric",0.1962,2021-07-14,5,1.402914
"573","acidic tundra","hydric",0.1962,2021-07-14,5,7.892733
"574","acidic tundra","hydric",0.1962,2021-07-14,5,7.594918
"575","acidic tundra","hydric",0.1962,2021-07-14,5,28.83352
"576","acidic tundra","hydric",0.1962,2021-07-14,5,28.29627
"577","acidic tundra","hydric",0.1962,2021-07-14,5,28.33578
"578","acidic tundra","hydric",0.1962,2021-07-14,5,28.20108
"579","acidic tundra","hydric",0.1962,2021-07-14,5,28.38089
"580","acidic tundra","hydric",0.1962,2021-07-14,5,28.72782
"581","acidic tundra","hydric",0.5088,2021-07-14,15,47.24792
"582","acidic tundra","hydric",0.5088,2021-07-14,15,47.4656
"583","acidic tundra","hydric",0.5088,2021-07-14,15,47.51897
"584","acidic tundra","hydric",0.5088,2021-07-14,15,47.57851
"585","acidic tundra","hydric",0.5088,2021-07-14,15,47.6227
"586","acidic tundra","hydric",0.5088,2021-07-14,15,47.59546
"587","acidic tundra","hydric",0.5088,2021-07-14,15,50.47488
"588","acidic tundra","hydric",0.5088,2021-07-14,15,50.39087
"589","acidic tundra","hydric",0.5088,2021-07-14,15,50.93208
"590","acidic tundra","hydric",0.5088,2021-07-14,15,50.8754
"591","acidic tundra","hydric",0.5088,2021-07-14,15,50.799
"592","acidic tundra","hydric",0.5088,2021-07-14,15,50.71465
"593","acidic tundra","hydric",0.5088,2021-07-14,15,50.69383
"594","acidic tundra","hydric",0.5088,2021-07-14,15,50.70396
"595","acidic tundra","hydric",0.255,2021-07-14,5,1.524569
"596","acidic tundra","hydric",0.255,2021-07-14,5,1.661797
"597","acidic tundra","hydric",0.255,2021-07-14,5,1.62047
"598","acidic tundra","hydric",0.255,2021-07-14,5,1.565775
"599","acidic tundra","hydric",0.255,2021-07-14,5,1.489745
"600","acidic tundra","hydric",0.255,2021-07-14,5,1.402914
"601","acidic tundra","hydric",0.255,2021-07-14,5,7.892733
"602","acidic tundra","hydric",0.255,2021-07-14,5,7.594918
"603","acidic tundra","hydric",0.255,2021-07-14,5,28.83352
"604","acidic tundra","hydric",0.255,2021-07-14,5,28.29627
"605","acidic tundra","hydric",0.255,2021-07-14,5,28.33578
"606","acidic tundra","hydric",0.255,2021-07-14,5,28.20108
"607","acidic tundra","hydric",0.255,2021-07-14,5,28.38089
"608","acidic tundra","hydric",0.255,2021-07-14,5,28.72782
"609","acidic tundra","hydric",0.588,2021-07-14,15,47.24792
"610","acidic tundra","hydric",0.588,2021-07-14,15,47.4656
"611","acidic tundra","hydric",0.588,2021-07-14,15,47.51897
"612","acidic tundra","hydric",0.588,2021-07-14,15,47.57851
"613","acidic tundra","hydric",0.588,2021-07-14,15,47.6227
"614","acidic tundra","hydric",0.588,2021-07-14,15,47.59546
"615","acidic tundra","hydric",0.588,2021-07-14,15,50.47488
"616","acidic tundra","hydric",0.588,2021-07-14,15,50.39087
"617","acidic tundra","hydric",0.588,2021-07-14,15,50.93208
"618","acidic tundra","hydric",0.588,2021-07-14,15,50.8754
"619","acidic tundra","hydric",0.588,2021-07-14,15,50.799
"620","acidic tundra","hydric",0.588,2021-07-14,15,50.71465
"621","acidic tundra","hydric",0.588,2021-07-14,15,50.69383
"622","acidic tundra","hydric",0.588,2021-07-14,15,50.70396
"623","acidic tundra","dry",0.3219,2021-07-30,5,25.69433
"624","acidic tundra","dry",0.3219,2021-07-30,5,27.37474
"625","acidic tundra","dry",0.3219,2021-07-30,5,26.80721
"626","acidic tundra","dry",0.3219,2021-07-30,5,26.38229
"627","acidic tundra","dry",0.3219,2021-07-30,5,26.12884
"628","acidic tundra","dry",0.3219,2021-07-30,5,25.98457
"629","acidic tundra","dry",0.3219,2021-07-30,5,26.78396
"630","acidic tundra","dry",0.3219,2021-07-30,5,27.71298
"631","acidic tundra","dry",0.3219,2021-07-30,5,27.5261
"632","acidic tundra","dry",0.3219,2021-07-30,5,27.46107
"633","acidic tundra","dry",0.336,2021-07-30,25,36.25918
"634","acidic tundra","dry",0.336,2021-07-30,25,36.28626
"635","acidic tundra","dry",0.336,2021-07-30,25,36.28592
"636","acidic tundra","dry",0.336,2021-07-30,25,36.30649
"637","acidic tundra","dry",0.336,2021-07-30,25,36.30649
"638","acidic tundra","dry",0.336,2021-07-30,25,36.2986
"639","acidic tundra","dry",0.336,2021-07-30,25,36.31129
"640","acidic tundra","dry",0.336,2021-07-30,25,36.28901
"641","acidic tundra","dry",0.336,2021-07-30,25,36.29517
"642","acidic tundra","dry",0.336,2021-07-30,25,36.31163
"643","acidic tundra","dry",0.336,2021-07-30,25,36.32226
"644","non-acidic tundra","dry",0.3052,2021-07-31,5,20.05435
"645","non-acidic tundra","dry",0.3052,2021-07-31,5,19.71264
"646","non-acidic tundra","dry",0.3052,2021-07-31,5,19.67164
"647","non-acidic tundra","dry",0.6346,2021-07-31,25,44.71207
"648","non-acidic tundra","dry",0.6346,2021-07-31,25,44.69234
"649","non-acidic tundra","dry",0.6346,2021-07-31,25,44.69716
"650","non-acidic tundra","dry",0.6346,2021-07-31,25,44.69322
"651","acidic tundra","dry",0.0843,2021-08-07,5,25.89544
"652","acidic tundra","dry",0.0843,2021-08-07,5,25.96666
"653","acidic tundra","dry",0.0843,2021-08-07,5,25.99897
"654","acidic tundra","dry",0.0843,2021-08-07,5,26.04081
"655","acidic tundra","dry",0.0843,2021-08-07,5,26.01515
"656","acidic tundra","dry",0.0843,2021-08-07,5,25.88527
"657","acidic tundra","dry",0.0843,2021-08-07,5,25.75684
"658","acidic tundra","dry",0.0843,2021-08-07,5,25.48478
"659","acidic tundra","dry",0.0843,2021-08-07,5,25.25448
"660","acidic tundra","dry",0.0843,2021-08-07,5,25.14927
"661","acidic tundra","dry",0.0843,2021-08-07,5,25.10416
"662","acidic tundra","dry",0.0843,2021-08-07,5,25.08146
"663","acidic tundra","dry",0.0843,2021-08-07,5,25.18822
"664","acidic tundra","dry",0.0843,2021-08-07,5,25.3835
"665","acidic tundra","dry",0.4257,2021-08-07,15,31.27323
"666","acidic tundra","dry",0.4257,2021-08-07,15,31.25552
"667","acidic tundra","dry",0.4257,2021-08-07,15,31.28025
"668","acidic tundra","dry",0.4257,2021-08-07,15,31.35522
"669","acidic tundra","dry",0.4257,2021-08-07,15,31.33195
"670","acidic tundra","dry",0.4257,2021-08-07,15,31.34599
"671","acidic tundra","dry",0.4257,2021-08-07,15,31.31753
"672","acidic tundra","dry",0.4257,2021-08-07,15,31.33196
"673","acidic tundra","dry",0.4257,2021-08-07,15,31.31016
"674","acidic tundra","dry",0.4257,2021-08-07,15,31.24593
"675","acidic tundra","dry",0.4257,2021-08-07,15,31.25515
"676","acidic tundra","dry",0.4257,2021-08-07,15,31.23338
"677","acidic tundra","dry",0.4257,2021-08-07,15,31.23486
"678","acidic tundra","dry",0.4257,2021-08-07,15,31.25072
"679","acidic tundra","dry",0.1545,2021-08-07,15,31.27323
"680","acidic tundra","dry",0.1545,2021-08-07,15,31.25552
"681","acidic tundra","dry",0.1545,2021-08-07,15,31.28025
"682","acidic tundra","dry",0.1545,2021-08-07,15,31.35522
"683","acidic tundra","dry",0.1545,2021-08-07,15,31.33195
"684","acidic tundra","dry",0.1545,2021-08-07,15,31.34599
"685","acidic tundra","dry",0.1545,2021-08-07,15,31.31753
"686","acidic tundra","dry",0.1545,2021-08-07,15,31.33196
"687","acidic tundra","dry",0.1545,2021-08-07,15,31.31016
"688","acidic tundra","dry",0.1545,2021-08-07,15,31.24593
"689","acidic tundra","dry",0.1545,2021-08-07,15,31.25515
"690","acidic tundra","dry",0.1545,2021-08-07,15,31.23338
"691","acidic tundra","dry",0.1545,2021-08-07,15,31.23486
"692","acidic tundra","dry",0.1545,2021-08-07,15,31.25072
"693","acidic tundra","dry",0.5544,2021-08-07,15,31.27323
"694","acidic tundra","dry",0.5544,2021-08-07,15,31.25552
"695","acidic tundra","dry",0.5544,2021-08-07,15,31.28025
"696","acidic tundra","dry",0.5544,2021-08-07,15,31.35522
"697","acidic tundra","dry",0.5544,2021-08-07,15,31.33195
"698","acidic tundra","dry",0.5544,2021-08-07,15,31.34599
"699","acidic tundra","dry",0.5544,2021-08-07,15,31.31753
"700","acidic tundra","dry",0.5544,2021-08-07,15,31.33196
"701","acidic tundra","dry",0.5544,2021-08-07,15,31.31016
"702","acidic tundra","dry",0.5544,2021-08-07,15,31.24593
"703","acidic tundra","dry",0.5544,2021-08-07,15,31.25515
"704","acidic tundra","dry",0.5544,2021-08-07,15,31.23338
"705","acidic tundra","dry",0.5544,2021-08-07,15,31.23486
"706","acidic tundra","dry",0.5544,2021-08-07,15,31.25072
"707","acidic tundra","mesic",0.1659,2021-08-07,5,22.39456
"708","acidic tundra","mesic",0.1659,2021-08-07,5,22.42323
"709","acidic tundra","mesic",0.1659,2021-08-07,5,22.51214
"710","acidic tundra","mesic",0.1659,2021-08-07,5,22.53718
"711","acidic tundra","mesic",0.1659,2021-08-07,5,22.53934
"712","acidic tundra","mesic",0.1659,2021-08-07,5,22.41891
"713","acidic tundra","mesic",0.1659,2021-08-07,5,22.35884
"714","acidic tundra","mesic",0.1659,2021-08-07,5,22.22273
"715","acidic tundra","mesic",0.1659,2021-08-07,5,22.08833
"716","acidic tundra","mesic",0.1659,2021-08-07,5,22.05657
"717","acidic tundra","mesic",0.1659,2021-08-07,5,22.02818
"718","acidic tundra","mesic",0.1659,2021-08-07,5,22.0355
"719","acidic tundra","mesic",0.1659,2021-08-07,5,22.081
"720","acidic tundra","mesic",0.1659,2021-08-07,5,22.20587
"721","acidic tundra","mesic",0.2871,2021-08-07,5,22.39456
"722","acidic tundra","mesic",0.2871,2021-08-07,5,22.42323
"723","acidic tundra","mesic",0.2871,2021-08-07,5,22.51214
"724","acidic tundra","mesic",0.2871,2021-08-07,5,22.53718
"725","acidic tundra","mesic",0.2871,2021-08-07,5,22.53934
"726","acidic tundra","mesic",0.2871,2021-08-07,5,22.41891
"727","acidic tundra","mesic",0.2871,2021-08-07,5,22.35884
"728","acidic tundra","mesic",0.2871,2021-08-07,5,22.22273
"729","acidic tundra","mesic",0.2871,2021-08-07,5,22.08833
"730","acidic tundra","mesic",0.2871,2021-08-07,5,22.05657
"731","acidic tundra","mesic",0.2871,2021-08-07,5,22.02818
"732","acidic tundra","mesic",0.2871,2021-08-07,5,22.0355
"733","acidic tundra","mesic",0.2871,2021-08-07,5,22.081
"734","acidic tundra","mesic",0.2871,2021-08-07,5,22.20587
"735","acidic tundra","mesic",0.32,2021-08-07,15,37.29134
"736","acidic tundra","mesic",0.32,2021-08-07,15,37.39927
"737","acidic tundra","mesic",0.32,2021-08-07,15,37.38618
"738","acidic tundra","mesic",0.32,2021-08-07,15,37.36847
"739","acidic tundra","mesic",0.32,2021-08-07,15,37.42162
"740","acidic tundra","mesic",0.32,2021-08-07,15,37.41317
"741","acidic tundra","mesic",0.32,2021-08-07,15,37.40812
"742","acidic tundra","mesic",0.32,2021-08-07,15,37.40306
"743","acidic tundra","mesic",0.32,2021-08-07,15,37.35962
"744","acidic tundra","mesic",0.32,2021-08-07,15,37.37226
"745","acidic tundra","mesic",0.32,2021-08-07,15,37.37058
"746","acidic tundra","mesic",0.32,2021-08-07,15,37.27954
"747","acidic tundra","mesic",0.32,2021-08-07,15,37.27912
"748","acidic tundra","mesic",0.32,2021-08-07,15,37.28207
"749","acidic tundra","mesic",0.1962,2021-08-07,5,22.39456
"750","acidic tundra","mesic",0.1962,2021-08-07,5,22.42323
"751","acidic tundra","mesic",0.1962,2021-08-07,5,22.51214
"752","acidic tundra","mesic",0.1962,2021-08-07,5,22.53718
"753","acidic tundra","mesic",0.1962,2021-08-07,5,22.53934
"754","acidic tundra","mesic",0.1962,2021-08-07,5,22.41891
"755","acidic tundra","mesic",0.1962,2021-08-07,5,22.35884
"756","acidic tundra","mesic",0.1962,2021-08-07,5,22.22273
"757","acidic tundra","mesic",0.1962,2021-08-07,5,22.08833
"758","acidic tundra","mesic",0.1962,2021-08-07,5,22.05657
"759","acidic tundra","mesic",0.1962,2021-08-07,5,22.02818
"760","acidic tundra","mesic",0.1962,2021-08-07,5,22.0355
"761","acidic tundra","mesic",0.1962,2021-08-07,5,22.081
"762","acidic tundra","mesic",0.1962,2021-08-07,5,22.20587
"763","acidic tundra","mesic",0.423,2021-08-07,15,37.29134
"764","acidic tundra","mesic",0.423,2021-08-07,15,37.39927
"765","acidic tundra","mesic",0.423,2021-08-07,15,37.38618
"766","acidic tundra","mesic",0.423,2021-08-07,15,37.36847
"767","acidic tundra","mesic",0.423,2021-08-07,15,37.42162
"768","acidic tundra","mesic",0.423,2021-08-07,15,37.41317
"769","acidic tundra","mesic",0.423,2021-08-07,15,37.40812
"770","acidic tundra","mesic",0.423,2021-08-07,15,37.40306
"771","acidic tundra","mesic",0.423,2021-08-07,15,37.35962
"772","acidic tundra","mesic",0.423,2021-08-07,15,37.37226
"773","acidic tundra","mesic",0.423,2021-08-07,15,37.37058
"774","acidic tundra","mesic",0.423,2021-08-07,15,37.27954
"775","acidic tundra","mesic",0.423,2021-08-07,15,37.27912
"776","acidic tundra","mesic",0.423,2021-08-07,15,37.28207
"777","acidic tundra","hydric",0.3416,2021-08-07,5,NA
"778","acidic tundra","hydric",0.6279,2021-08-07,15,NA
"779","acidic tundra","hydric",0.488,2021-08-07,15,NA
"780","non-acidic tundra","mesic",0.5058,2021-08-07,15,40.06152
"781","non-acidic tundra","mesic",0.5058,2021-08-07,15,40.03212
"782","non-acidic tundra","mesic",0.5058,2021-08-07,15,40.01223
"783","non-acidic tundra","mesic",0.5058,2021-08-07,15,39.95436
"784","non-acidic tundra","mesic",0.5058,2021-08-07,15,39.93132
"785","non-acidic tundra","mesic",0.5058,2021-08-07,15,39.63504
"786","non-acidic tundra","mesic",0.5058,2021-08-07,15,39.27475
"787","non-acidic tundra","mesic",0.5058,2021-08-07,15,38.68889
"788","non-acidic tundra","mesic",0.5058,2021-08-07,15,38.20669
"789","non-acidic tundra","mesic",0.5058,2021-08-07,15,36.84718
"790","non-acidic tundra","mesic",0.5124,2021-08-07,25,51.1076
"791","non-acidic tundra","mesic",0.5124,2021-08-07,25,51.1072
"792","non-acidic tundra","mesic",0.5124,2021-08-07,25,51.11288
"793","non-acidic tundra","mesic",0.5124,2021-08-07,25,51.11369
"794","non-acidic tundra","mesic",0.5124,2021-08-07,25,51.11531
"795","non-acidic tundra","mesic",0.5124,2021-08-07,25,51.15503
"796","non-acidic tundra","mesic",0.5124,2021-08-07,25,51.15623
"797","non-acidic tundra","mesic",0.5124,2021-08-07,25,51.17327
"798","non-acidic tundra","mesic",0.5124,2021-08-07,25,51.20084
"799","non-acidic tundra","mesic",0.5124,2021-08-07,25,51.20285
"800","non-acidic tundra","hydric",0.4905,2021-08-07,5,50.08276
"801","non-acidic tundra","hydric",0.4905,2021-08-07,5,50.2575
"802","non-acidic tundra","hydric",0.4905,2021-08-07,5,50.36766
"803","non-acidic tundra","hydric",0.4905,2021-08-07,5,50.39284
"804","non-acidic tundra","hydric",0.4905,2021-08-07,5,50.42083
"805","non-acidic tundra","hydric",0.4905,2021-08-07,5,50.17204
"806","non-acidic tundra","hydric",0.4905,2021-08-07,5,49.81273
"807","non-acidic tundra","hydric",0.4905,2021-08-07,5,49.41124
"808","non-acidic tundra","hydric",0.4905,2021-08-07,5,49.10973
"809","non-acidic tundra","hydric",0.4905,2021-08-07,5,49.01773
"810","non-acidic tundra","hydric",0.4905,2021-08-07,5,52.29164
"811","non-acidic tundra","hydric",0.4905,2021-08-07,5,52.29679
"812","non-acidic tundra","hydric",0.4905,2021-08-07,5,52.46291
"813","non-acidic tundra","hydric",0.4428,2021-08-07,15,52.11868
"814","non-acidic tundra","hydric",0.4428,2021-08-07,15,52.17312
"815","non-acidic tundra","hydric",0.4428,2021-08-07,15,52.21556
"816","non-acidic tundra","hydric",0.4428,2021-08-07,15,52.27178
"817","non-acidic tundra","hydric",0.4428,2021-08-07,15,52.36593
"818","non-acidic tundra","hydric",0.4428,2021-08-07,15,52.40559
"819","non-acidic tundra","hydric",0.4428,2021-08-07,15,52.44698
"820","non-acidic tundra","hydric",0.4428,2021-08-07,15,52.48552
"821","non-acidic tundra","hydric",0.4428,2021-08-07,15,52.46769
"822","non-acidic tundra","hydric",0.4428,2021-08-07,15,52.35503
"823","non-acidic tundra","hydric",0.4428,2021-08-07,15,52.31654
"824","non-acidic tundra","hydric",0.4428,2021-08-07,15,52.13357
"825","non-acidic tundra","hydric",0.4428,2021-08-07,15,52.0849
"826","non-acidic tundra","hydric",0.4428,2021-08-07,15,52.08889
"827","non-acidic tundra","hydric",0.5565,2021-08-07,15,52.11868
"828","non-acidic tundra","hydric",0.5565,2021-08-07,15,52.17312
"829","non-acidic tundra","hydric",0.5565,2021-08-07,15,52.21556
"830","non-acidic tundra","hydric",0.5565,2021-08-07,15,52.27178
"831","non-acidic tundra","hydric",0.5565,2021-08-07,15,52.36593
"832","non-acidic tundra","hydric",0.5565,2021-08-07,15,52.40559
"833","non-acidic tundra","hydric",0.5565,2021-08-07,15,52.44698
"834","non-acidic tundra","hydric",0.5565,2021-08-07,15,52.48552
"835","non-acidic tundra","hydric",0.5565,2021-08-07,15,52.46769
"836","non-acidic tundra","hydric",0.5565,2021-08-07,15,52.35503
"837","non-acidic tundra","hydric",0.5565,2021-08-07,15,52.31654
"838","non-acidic tundra","hydric",0.5565,2021-08-07,15,52.13357
"839","non-acidic tundra","hydric",0.5565,2021-08-07,15,52.0849
"840","non-acidic tundra","hydric",0.5565,2021-08-07,15,52.08889
