"","SampleID","day","month","year","Time","Area","Site","Plot","Depth_cm","date","Al_ug_mL","Ca_ug_mL","Fe_ug_mL","K_ug_mL","Mg_ug_mL","Mn_ug_mL","Na_ug_mL","P_ug_mL"
"1","PhIr2022-2","27","June","2022","15:46","acidic tundra","Mesic",2,10,2022-06-27,0.71,4.49,0.57,1.54,0.85,0.49,0.87,0.02
"2","PhIr2022-3","27","June","2022","16:20","acidic tundra","Mesic",3,10,2022-06-27,1.09,6.67,0.62,2.2,1.26,0.84,1.22,0.07
"3","PhIr2022-4","27","June","2022","16:52","acidic tundra","Wet",3,10,2022-06-27,0.53,4.3,1.65,0.74,0.93,2.99,0.62,0.01
"4","PhIr2022-5","27","June","2022","16:55","acidic tundra","Wet",2,10,2022-06-27,0.28,3.29,0.57,0.27,0.62,0.24,0.41,0.01
"5","PhIr2022-6","27","June","2022","17:20","acidic tundra","Wet",1,10,2022-06-27,0.37,2.41,1.17,1.15,0.62,0.42,0.95,0.08
"6","PhIr2022-7","29","June","2022","12:27","non-acidic tundra","Dry",1,0,2022-06-29,0.02,8.04,0.02,0.34,1.09,0.003,0.33,0.01
"7","PhIr2022-8","29","June","2022","14:50","non-acidic tundra","Mesic",2,0,2022-06-29,0.04,5.07,0.05,0.05,0.66,0.01,0.13,0.005
"8","PhIr2022-9","29","June","2022","13:43","non-acidic tundra","Mesic",2,10,2022-06-29,0.49,6.9,0.21,1.36,0.79,0.41,0.8,0.03
"9","PhIr2022-10","29","June","2022","13:10","non-acidic tundra","Mesic",3,0,2022-06-29,0.04,5.57,0.01,0.12,0.73,0.003,0.14,0.005
"10","PhIr2022-11","29","June","2022","13:50","non-acidic tundra","Mesic",3,10,2022-06-29,0.04,5.09,0.03,0.15,0.67,0.02,0.16,0.005
"11","PhIr2022-12","29","June","2022","14:04","non-acidic tundra","Mesic",3,20,2022-06-29,0.08,4.46,0.55,1.13,0.58,0.21,0.27,0.15
"12","PhIr2022-13","29","June","2022","13:25","non-acidic tundra","Wet",1,0,2022-06-29,0.22,23.9,0.28,0.5,3.15,0.04,0.53,0.01
"13","PhIr2022-14","29","June","2022","15:07","non-acidic tundra","Wet",1,10,2022-06-29,0.01,30.6,0.65,0.09,4.04,0.28,0.28,0.005
"14","PhIr2022-15","29","June","2022","15:15","non-acidic tundra","Wet",1,20,2022-06-29,0.01,27.1,1.09,0.21,3.6,0.21,0.32,0.005
"15","PhIr2022-16","29","June","2022","15:00","non-acidic tundra","Wet",2,0,2022-06-29,0.48,7.91,0.19,1.08,1,0.08,0.76,0.01
"16","PhIr2022-17","29","June","2022","15:21","non-acidic tundra","Wet",2,10,2022-06-29,0.01,13.8,0.01,0.03,1.52,0.01,0.22,0.005
"17","PhIr2022-18","29","June","2022","15:29","non-acidic tundra","Wet",2,20,2022-06-29,0.06,11.1,0.18,0.12,1.18,0.02,0.24,0.005
"18","PhIr2022-19","29","June","2022","14:40","non-acidic tundra","Wet",3,0,2022-06-29,0.04,28.6,3.04,0.25,3.55,0.28,0.46,0.005
"19","PhIr2022-20","29","June","2022","15:37","non-acidic tundra","Wet",3,10,2022-06-29,0.24,35.6,1.91,0.45,4.44,0.24,0.58,0.01
"20","PhIr2022-21","29","June","2022","15:42","non-acidic tundra","Wet",3,20,2022-06-29,0.04,37.7,1.7,0.27,5.19,0.26,0.65,0.005
"21","PhIr2022-22","6","July","2022","11:55","acidic tundra","Wet",1,20,2022-07-06,0.22,1.65,0.76,0.42,0.45,0.1,0.4,0.03
"22","PhIr2022-23","6","July","2022","11:15","acidic tundra","Wet",2,10,2022-07-06,0.49,3.58,0.85,0.44,0.62,0.23,0.41,0.01
"23","PhIr2022-24","6","July","2022","11:40","acidic tundra","Wet",3,10,2022-07-06,0.54,8.04,6.99,0.44,1.84,9.04,0.48,0.005
"24","PhIr2022-26","7","July","2022","11:49","non-acidic tundra","Mesic",1,20,2022-07-07,0.04,12.6,0.18,0.45,1.62,0.06,0.36,0.06
"25","PhIr2022-27","7","July","2022","11:03","non-acidic tundra","Mesic",2,0,2022-07-07,0.03,6.16,0.03,0.05,0.76,0.003,0.13,0.005
"26","PhIr2022-28","7","July","2022","12:05","non-acidic tundra","Mesic",2,20,2022-07-07,0.08,6.38,0.49,0.45,0.84,0.1,0.25,0.08
"27","PhIr2022-29","7","July","2022","11:29","non-acidic tundra","Mesic",3,0,2022-07-07,0.03,6.7,0.02,0.1,0.87,0.003,0.16,0.005
"28","PhIr2022-30","7","July","2022","12:20","non-acidic tundra","Mesic",3,10,2022-07-07,0.03,6.15,0.02,0.01,0.77,0.01,0.11,0.005
"29","PhIr2022-31","7","July","2022","12:32","non-acidic tundra","Mesic",3,20,2022-07-07,0.08,6.39,0.1,0.22,0.82,0.52,0.2,0.01
"30","PhIr2022-32","7","July","2022","13:13","non-acidic tundra","Wet",1,0,2022-07-07,0.01,29.9,0.88,0.38,3.84,0.09,0.55,0.005
"31","PhIr2022-33","7","July","2022","13:47","non-acidic tundra","Wet",1,10,2022-07-07,0.01,32.3,0.61,0.09,4.13,0.1,0.31,0.005
"32","PhIr2022-34","7","July","2022","13:56","non-acidic tundra","Wet",1,20,2022-07-07,0.12,32.9,1.23,0.29,4.29,0.16,0.4,0.005
"33","PhIr2022-35","7","July","2022","13:26","non-acidic tundra","Wet",2,0,2022-07-07,0.05,12.8,1.75,0.18,1.41,0.62,0.23,0.005
"34","PhIr2022-36","7","July","2022","14:00","non-acidic tundra","Wet",2,10,2022-07-07,0.04,18.3,0.01,0.11,1.96,0.07,0.27,0.005
"35","PhIr2022-37","7","July","2022","14:15","non-acidic tundra","Wet",2,20,2022-07-07,0.02,15.4,0.41,0.06,1.62,0.05,0.22,0.005
"36","PhIr2022-38","7","July","2022","13:36","non-acidic tundra","Wet",3,0,2022-07-07,0.02,31.4,2.36,0.09,3.87,0.1,0.45,0.005
"37","PhIr2022-39","7","July","2022","14:25","non-acidic tundra","Wet",3,10,2022-07-07,0.01,39.5,2.01,0.09,4.81,0.19,0.35,0.005
"38","PhIr2022-40","7","July","2022","","non-acidic tundra","Wet",3,20,2022-07-07,0.01,36.7,2.01,0.04,4.95,0.15,0.57,0.005
"39","PhIr2022-41","11","July","2022","12:38","acidic tundra","Wet",1,10,2022-07-11,0.51,2.33,3.64,0.15,0.62,0.41,0.27,0.02
"40","PhIr2022-42","11","July","2022","12:30","acidic tundra","Wet",1,20,2022-07-11,0.25,1.56,1.31,0.08,0.41,0.12,0.23,0.01
"41","PhIr2022-43","11","July","2022","12:17","acidic tundra","Wet",2,10,2022-07-11,0.34,3.7,1.4,0.1,0.74,0.43,0.2,0.005
"42","PhIr2022-44","11","July","2022","12:12","acidic tundra","Wet",3,10,2022-07-11,0.63,9.06,12.5,0.38,2,12.4,0.28,0.005
"43","PhIr2022-45","12","July","2022","11:07","non-acidic tundra","Dry",2,20,2022-07-12,0.07,8.6,0.04,0.09,1,0.03,0.15,0.01
"44","PhIr2022-46","12","July","2022","13:00","non-acidic tundra","Mesic",1,20,2022-07-12,0.05,14.5,0.03,0.07,1.9,0.13,0.23,0.005
"45","PhIr2022-47","12","July","2022","12:17","non-acidic tundra","Mesic",2,0,2022-07-12,0.05,6.75,0.06,0.07,0.85,0.003,0.21,0.005
"46","PhIr2022-48","12","July","2022","12:41","non-acidic tundra","Mesic",2,10,2022-07-12,0.03,7.21,0.03,0.06,0.94,0.01,0.13,0.005
"47","PhIr2022-49","12","July","2022","13:17","non-acidic tundra","Mesic",2,20,2022-07-12,0.07,6.91,0.26,0.12,0.96,0.19,0.2,0.01
"48","PhIr2022-50","12","July","2022","12:28","non-acidic tundra","Mesic",3,0,2022-07-12,0.05,8.81,0.04,0.05,1.13,0.003,0.18,0.005
"49","PhIr2022-51","12","July","2022","12:50","non-acidic tundra","Mesic",3,10,2022-07-12,0.04,7.38,0.03,0.03,0.94,0.01,0.14,0.005
"50","PhIr2022-52","12","July","2022","13:10","non-acidic tundra","Mesic",3,20,2022-07-12,0.08,7.29,0.2,0.1,0.96,0.92,0.16,0.01
"51","PhIr2022-53","12","July","2022","13:50","non-acidic tundra","Wet",1,0,2022-07-12,0.02,30.2,0.43,0.13,4.14,0.07,0.56,0.005
"52","PhIr2022-54","12","July","2022","14:14","non-acidic tundra","Wet",1,10,2022-07-12,0.01,35.8,0.54,0.12,4.73,0.07,0.35,0.005
"53","PhIr2022-55","12","July","2022","14:31","non-acidic tundra","Wet",1,20,2022-07-12,1.78,33.2,1.21,2.47,4.34,0.23,1.4,0.03
"54","PhIr2022-56","12","July","2022","13:57","non-acidic tundra","Wet",2,0,2022-07-12,0.03,11.3,0.13,0.06,1.55,0.04,0.2,0.005
"55","PhIr2022-57","12","July","2022","14:20","non-acidic tundra","Wet",2,10,2022-07-12,0.01,20.5,0.09,0.05,2.3,0.19,0.25,0.005
"56","PhIr2022-58","12","July","2022","14:36","non-acidic tundra","Wet",2,20,2022-07-12,1.01,18.8,0.7,1.26,2.11,0.15,0.81,0.01
"57","PhIr2022-59","12","July","2022","14:05","non-acidic tundra","Wet",3,0,2022-07-12,1.12,32.7,3.35,1.78,4.24,0.22,1.18,0.02
"58","PhIr2022-60","12","July","2022","14:25","non-acidic tundra","Wet",3,10,2022-07-12,0.01,42,1.6,0.06,5.54,0.2,0.37,0.005
"59","PhIr2022-61","12","July","2022","14:41","non-acidic tundra","Wet",3,20,2022-07-12,0.01,37.5,1.49,0.04,5.45,0.14,0.63,0.005
"60","PhIr2022-62","12","July","2022","14:53","non-acidic tundra","Wet",3,40,2022-07-12,0.74,40,5.35,1.33,3.95,1.47,1.11,0.02
"61","PhIr2022-63","18","July","2022","13:05","acidic tundra","Dry",1,10,2022-07-18,0.28,8.03,0.22,0.43,1.13,0.04,0.37,0.01
"62","PhIr2022-64","18","July","2022","11:18","acidic tundra","Dry",3,20,2022-07-18,0.51,3.96,0.51,0.14,0.75,0.02,0.21,0.01
"63","PhIr2022-65","18","July","2022","12:00","acidic tundra","Mesic",1,10,2022-07-18,0.52,3.17,0.19,0.72,0.74,0.11,0.36,0.01
"64","PhIr2022-66","18","July","2022","12:08","acidic tundra","Mesic",2,10,2022-07-18,0.3,2.43,0.28,0.17,0.61,0.08,0.21,0.005
"65","PhIr2022-67","18","July","2022","14:44","acidic tundra","Wet",1,0,2022-07-18,0.29,2.4,0.24,0.14,0.6,0.08,0.28,0.005
"66","PhIr2022-68","18","July","2022","14:38","acidic tundra","Wet",1,10,2022-07-18,0.39,2.03,3.36,0.06,0.56,0.3,0.21,0.01
"67","PhIr2022-69","18","July","2022","14:26","acidic tundra","Wet",1,20,2022-07-18,0.27,1.39,1.41,0.05,0.38,0.11,0.2,0.01
"68","PhIr2022-70","18","July","2022","14:33","acidic tundra","Wet",2,0,2022-07-18,0.27,3.65,0.22,0.18,0.69,0.09,0.36,0.01
"69","PhIr2022-71","18","July","2022","14:12","acidic tundra","Wet",2,10,2022-07-18,1.07,6.03,2.07,1.29,0.95,0.49,0.77,0.02
"70","PhIr2022-72","18","July","2022","15:02","acidic tundra","Wet",2,20,2022-07-18,0.28,3.61,0.5,0.13,0.68,1.18,0.42,0.01
"71","PhIr2022-73","18","July","2022","14:13","acidic tundra","Wet",3,0,2022-07-18,0.38,6.67,0.33,0.58,1.49,1.48,0.33,0.03
"72","PhIr2022-74","18","July","2022","14:57","acidic tundra","Wet",3,10,2022-07-18,0.6,9.59,15,0.31,2.1,14.5,0.26,0.005
"73","PhIr2022-75","19","July","2022","10:29","non-acidic tundra","Dry",1,20,2022-07-19,0.17,12.3,0.09,0.28,1.69,0.11,0.51,0.005
"74","PhIr2022-76","19","July","2022","10:53","non-acidic tundra","Dry",2,20,2022-07-19,0.12,8.64,0.06,0.2,1.04,0.01,0.22,0.01
"75","PhIr2022-77","19","July","2022","11:53","non-acidic tundra","Mesic",1,20,2022-07-19,0.07,15.2,0.09,0.32,2.04,0.21,0.4,0.01
"76","PhIr2022-78","19","July","2022","12:00","non-acidic tundra","Mesic",2,0,2022-07-19,0.04,6.35,0.05,0.04,0.83,0.003,0.14,0.005
"77","PhIr2022-79","19","July","2022","11:44","non-acidic tundra","Mesic",2,10,2022-07-19,0.1,6.62,0.05,0.16,0.89,0.003,0.17,0.01
"78","PhIr2022-80","19","July","2022","11:56","non-acidic tundra","Mesic",2,20,2022-07-19,0.1,7.04,0.49,0.07,1.02,0.28,0.22,0.01
"79","PhIr2022-81","19","July","2022","12:09","non-acidic tundra","Mesic",3,0,2022-07-19,0.04,8.28,0.03,0.06,1.1,0.01,0.17,0.005
"80","PhIr2022-82","19","July","2022","12:19","non-acidic tundra","Mesic",3,10,2022-07-19,0.98,8.83,0.43,1.39,1.14,0.24,0.74,0.01
"81","PhIr2022-83","19","July","2022","12:27","non-acidic tundra","Mesic",3,20,2022-07-19,0.12,7.34,0.38,0.12,0.99,0.96,0.18,0.01
"82","PhIr2022-84","19","July","2022","13:20","non-acidic tundra","Wet",1,0,2022-07-19,0.01,29.8,0.24,0.21,4.19,0.05,0.6,0.005
"83","PhIr2022-85","19","July","2022","13:40","non-acidic tundra","Wet",1,10,2022-07-19,0.21,31.8,0.4,0.27,4.33,0.04,0.4,0.005
"84","PhIr2022-86","19","July","2022","13:57","non-acidic tundra","Wet",1,20,2022-07-19,0.08,32.2,1.37,0.21,4.39,0.1,0.38,0.005
"85","PhIr2022-87","19","July","2022","13:26","non-acidic tundra","Wet",2,0,2022-07-19,0.03,11.1,0.11,0.05,1.55,0.01,0.21,0.005
"86","PhIr2022-88","19","July","2022","13:47","non-acidic tundra","Wet",2,10,2022-07-19,0.06,19,0.01,0.16,2.24,0.01,0.34,0.005
"87","PhIr2022-89","19","July","2022","14:05","non-acidic tundra","Wet",2,20,2022-07-19,0.01,18.4,0.5,0.05,2.17,0.04,0.25,0.005
"88","PhIr2022-90","19","July","2022","14:20","non-acidic tundra","Wet",2,40,2022-07-19,0.03,22.1,2.73,0.3,2.56,0.51,0.56,0.01
"89","PhIr2022-91","19","July","2022","13:33","non-acidic tundra","Wet",3,0,2022-07-19,0.02,25.9,2.13,0.09,3.51,0.09,0.42,0.005
"90","PhIr2022-92","19","July","2022","13:52","non-acidic tundra","Wet",3,10,2022-07-19,0.01,37.5,1.68,0.05,4.97,0.17,0.34,0.005
"91","PhIr2022-93","19","July","2022","14:09","non-acidic tundra","Wet",3,20,2022-07-19,0.01,39.2,1.73,0.06,5.66,0.12,0.58,0.005
"92","PhIr2022-94","19","July","2022","14:36","non-acidic tundra","Wet",3,40,2022-07-19,0.01,43.3,4.2,0.1,4.16,1.79,0.61,0.005
"93","PhIr2022-96","25","July","2022","10:53","acidic tundra","Dry",1,10,2022-07-25,0.22,8.33,0.26,0.46,1.25,0.06,0.42,0.01
"94","PhIr2022-97","25","July","2022","10:50","acidic tundra","Dry",3,20,2022-07-25,0.52,4.15,0.54,0.11,0.81,0.02,0.19,0.01
"95","PhIr2022-98","25","July","2022","12:08","acidic tundra","Mesic",1,10,2022-07-25,0.3,2.68,0.18,0.35,0.7,0.06,0.22,0.01
"96","PhIr2022-99","25","July","2022","12:28","acidic tundra","Mesic",1,40,2022-07-25,0.4,3.61,0.55,1.11,0.93,0.19,1.21,0.03
"97","PhIr2022-100","25","July","2022","12:23","acidic tundra","Mesic",2,10,2022-07-25,0.35,2.58,0.49,0.23,0.66,0.36,0.24,0.01
"98","PhIr2022-101","25","July","2022","13:16","acidic tundra","Wet",1,0,2022-07-25,0.28,2.24,0.22,0.07,0.57,0.07,0.17,0.005
"99","PhIr2022-102","25","July","2022","13:48","acidic tundra","Wet",1,10,2022-07-25,0.44,2.12,4.11,0.08,0.59,0.28,0.2,0.01
"100","PhIr2022-103","25","July","2022","13:53","acidic tundra","Wet",1,20,2022-07-25,0.33,1.37,1.96,0.04,0.38,0.1,0.22,0.01
"101","PhIr2022-104","25","July","2022","13:17","acidic tundra","Wet",2,0,2022-07-25,0.25,3.37,0.16,0.12,0.66,0.03,0.23,0.005
"102","PhIr2022-105","25","July","2022","13:58","acidic tundra","Wet",2,10,2022-07-25,0.52,5.67,4.5,0.26,1.18,0.62,0.22,0.01
"103","PhIr2022-106","25","July","2022","14:23","acidic tundra","Wet",2,20,2022-07-25,0.25,3.24,0.79,0.1,0.65,1.02,0.29,0.005
"104","PhIr2022-107","25","July","2022","13:35","acidic tundra","Wet",3,0,2022-07-25,0.36,7.45,0.53,0.56,1.71,2,0.25,0.01
"105","PhIr2022-108","25","July","2022","14:08","acidic tundra","Wet",3,10,2022-07-25,0.7,12.7,24.5,0.36,2.69,21.3,0.3,0.005
"106","PhIr2022-109","25","July","2022","15:37","acidic tundra","Wet",3,20,2022-07-25,0.32,5.39,21.2,0.84,1.44,2.62,0.62,0.02
"107","PhIr2022-110","26","July","2022","11:04","non-acidic tundra","Dry",1,0,2022-07-26,0.02,13.3,0.02,0.03,1.86,0.003,0.32,0.005
"108","PhIr2022-111","26","July","2022","10:53","non-acidic tundra","Dry",1,10,2022-07-26,0.03,13.2,0.02,0.03,1.83,0.003,0.28,0.01
"109","PhIr2022-112","26","July","2022","11:21","non-acidic tundra","Dry",1,20,2022-07-26,0.24,14.5,0.12,0.27,2.1,0.23,0.51,0.005
"110","PhIr2022-113","26","July","2022","11:27","non-acidic tundra","Dry",2,20,2022-07-26,0.07,8.85,0.05,0.02,1.07,0.003,0.14,0.01
"111","PhIr2022-114","26","July","2022","12:16","non-acidic tundra","Mesic",1,20,2022-07-26,0.05,12.9,0.08,0.03,1.71,0.17,0.23,0.005
"112","PhIr2022-115","26","July","2022","12:24","non-acidic tundra","Mesic",2,0,2022-07-26,0.05,6.7,0.05,0.09,0.91,0.003,0.15,0.01
"113","PhIr2022-116","26","July","2022","12:46","non-acidic tundra","Mesic",2,10,2022-07-26,0.14,6.76,0.06,0.13,0.83,0.003,0.19,0.005
"114","PhIr2022-117","26","July","2022","12:40","non-acidic tundra","Mesic",2,20,2022-07-26,0.08,7.29,0.37,0.04,0.99,0.41,0.16,0.01
"115","PhIr2022-118","26","July","2022","12:31","non-acidic tundra","Mesic",3,0,2022-07-26,0.06,8.3,0.03,0.06,1.03,0.003,0.18,0.005
"116","PhIr2022-119","26","July","2022","12:54","non-acidic tundra","Mesic",3,10,2022-07-26,0.04,7.67,0.04,0.03,0.98,0.003,0.15,0.005
"117","PhIr2022-120","26","July","2022","13:02","non-acidic tundra","Mesic",3,20,2022-07-26,0.11,7.05,1.01,0.04,0.85,0.89,0.15,0.005
"118","PhIr2022-121","26","July","2022","13:58","non-acidic tundra","Wet",1,0,2022-07-26,0.38,35,0.04,0.32,4.58,0.02,0.59,0.005
"119","PhIr2022-122","26","July","2022","14:28","non-acidic tundra","Wet",1,10,2022-07-26,0.01,31.3,0.37,0.11,3.92,0.03,0.38,0.005
"120","PhIr2022-123","26","July","2022","14:36","non-acidic tundra","Wet",1,20,2022-07-26,0.01,29.2,0.88,0.06,3.69,0.08,0.34,0.005
"121","PhIr2022-124","26","July","2022","14:55","non-acidic tundra","Wet",1,40,2022-07-26,0.01,49.5,3.09,0.48,5.94,0.85,0.83,0.01
"122","PhIr2022-125","26","July","2022","14:06","non-acidic tundra","Wet",2,0,2022-07-26,0.03,14.8,0.17,0.05,2.02,0.06,0.27,0.005
"123","PhIr2022-126","26","July","2022","14:45","non-acidic tundra","Wet",2,10,2022-07-26,0.12,20.6,0.01,0.08,2.29,0.003,0.38,0.005
"124","PhIr2022-127","26","July","2022","14:59","non-acidic tundra","Wet",2,20,2022-07-26,0.02,19.3,0.54,0.04,2.14,0.04,0.29,0.005
"125","PhIr2022-128","26","July","2022","15:14","non-acidic tundra","Wet",2,40,2022-07-26,0.04,18.9,2.51,0.13,2.01,0.43,0.42,0.005
"126","PhIr2022-129","26","July","2022","14:15","non-acidic tundra","Wet",3,0,2022-07-26,0.005,32.8,0.1,0.14,4.35,0.06,0.41,0.005
"127","PhIr2022-130","26","July","2022","15:20","non-acidic tundra","Wet",3,10,2022-07-26,0.01,34,1.54,0.21,4.18,0.14,0.38,0.005
"128","PhIr2022-131","26","July","2022","15:28","non-acidic tundra","Wet",3,20,2022-07-26,0.01,37.2,1.41,0.09,4.9,0.1,0.56,0.005
"129","PhIr2022-132","26","July","2022","15:35","non-acidic tundra","Wet",3,40,2022-07-26,0.01,43.9,5.19,0.05,3.91,1.7,0.55,0.005
"130","PhIr2022-133","7","August","2022","12:29","non-acidic tundra","Dry",1,0,2022-08-07,0.02,14.4,0.02,0.03,1.9,0.003,0.28,0.005
"131","PhIr2022-134","7","August","2022","12:01","non-acidic tundra","Dry",1,10,2022-08-07,0.03,13.8,0.02,0.05,1.82,0.003,0.29,0.005
"132","PhIr2022-135","7","August","2022","12:19","non-acidic tundra","Dry",1,20,2022-08-07,0.06,13.4,0.06,0.08,1.89,0.09,0.38,0.005
"133","PhIr2022-136","7","August","2022","12:40","non-acidic tundra","Dry",2,10,2022-08-07,0.03,10.2,0.02,0.04,1.27,0.003,0.16,0.005
"134","PhIr2022-137","7","August","2022","12:51","non-acidic tundra","Dry",2,20,2022-08-07,0.06,9.65,0.04,0.14,1.1,0.01,0.16,0.01
"135","PhIr2022-138","7","August","2022","13:25","non-acidic tundra","Mesic",1,20,2022-08-07,0.06,8.93,0.07,0.08,1.11,0.08,0.2,0.005
"136","PhIr2022-139","7","August","2022","13:13","non-acidic tundra","Mesic",2,0,2022-08-07,0.06,6.71,0.12,0.13,0.88,0.05,0.15,0.01
"137","PhIr2022-140","7","August","2022","13:47","non-acidic tundra","Mesic",2,10,2022-08-07,0.05,6.32,0.05,0.08,0.78,0.003,0.14,0.005
"138","PhIr2022-141","7","August","2022","13:37","non-acidic tundra","Mesic",2,20,2022-08-07,0.08,7.05,0.4,0.04,0.96,0.44,0.15,0.005
"139","PhIr2022-142","7","August","2022","13:52","non-acidic tundra","Mesic",3,0,2022-08-07,0.07,8.65,0.09,0.21,1.1,0.01,0.19,0.01
"140","PhIr2022-143","7","August","2022","13:57","non-acidic tundra","Mesic",3,10,2022-08-07,0.04,8.3,0.03,0.09,1.09,0.003,0.16,0.005
"141","PhIr2022-144","7","August","2022","14:05","non-acidic tundra","Mesic",3,20,2022-08-07,0.14,8.17,2.09,0.03,0.94,0.85,0.19,0.005
"142","PhIr2022-145","7","August","2022","14:21","non-acidic tundra","Wet",1,0,2022-08-07,0.01,41.1,0.02,0.19,5.53,0.003,0.63,0.005
"143","PhIr2022-146","7","August","2022","14:23","non-acidic tundra","Wet",1,10,2022-08-07,0.01,36.8,0.41,0.14,4.64,0.03,0.57,0.005
"144","PhIr2022-147","7","August","2022","14:34","non-acidic tundra","Wet",1,20,2022-08-07,0.01,34.1,1.34,0.04,4.33,0.1,0.52,0.005
"145","PhIr2022-148","7","August","2022","15:03","non-acidic tundra","Wet",1,40,2022-08-07,0.02,51.9,5.88,0.1,5.92,0.65,0.65,0.005
"146","PhIr2022-149","7","August","2022","14:44","non-acidic tundra","Wet",2,0,2022-08-07,0.01,16.7,0.57,0.09,1.91,0.15,0.3,0.005
"147","PhIr2022-150","7","August","2022","14:44","non-acidic tundra","Wet",2,10,2022-08-07,0.02,21.7,0.01,0.05,2.4,0.003,0.42,0.005
"148","PhIr2022-151","7","August","2022","14:51","non-acidic tundra","Wet",2,20,2022-08-07,0.01,20.4,0.66,0.03,2.3,0.05,0.35,0.005
"149","PhIr2022-152","7","August","2022","14:53","non-acidic tundra","Wet",2,40,2022-08-07,0.02,15.7,2.99,0.06,1.7,0.36,0.34,0.005
"150","PhIr2022-153","7","August","2022","15:00","non-acidic tundra","Wet",3,0,2022-08-07,0.02,30.3,0.04,0.39,3.79,0.01,0.42,0.005
"151","PhIr2022-154","7","August","2022","15:03","non-acidic tundra","Wet",3,10,2022-08-07,0.01,35.8,1.64,0.2,4.41,0.14,0.54,0.005
"152","PhIr2022-155","7","August","2022","15:11","non-acidic tundra","Wet",3,20,2022-08-07,0.01,41.2,1.31,0.12,5.64,0.11,0.57,0.005
"153","PhIr2022-156","7","August","2022","15:18","non-acidic tundra","Wet",3,40,2022-08-07,0.03,41.2,6.8,0.07,3.77,1.54,0.57,0.005
"154","PhIr2022-157","8","August","2022","11:21","acidic tundra","Dry",2,10,2022-08-08,0.53,5.34,0.61,0.35,0.86,0.17,0.15,0.01
"155","PhIr2022-158","8","August","2022","11:32","acidic tundra","Dry",3,10,2022-08-08,0.53,3.65,0.51,0.5,0.79,0.12,0.21,0.01
"156","PhIr2022-159","8","August","2022","11:38","acidic tundra","Dry",3,20,2022-08-08,0.56,4.63,0.56,0.11,0.86,0.04,0.19,0.01
"157","PhIr2022-160","8","August","2022","12:01","acidic tundra","Mesic",1,0,2022-08-08,0.24,2.43,0.13,0.26,0.63,0.02,0.2,0.01
"158","PhIr2022-161","8","August","2022","12:26","acidic tundra","Mesic",1,10,2022-08-08,0.23,2.14,0.15,0.21,0.55,0.05,0.17,0.005
"159","PhIr2022-162","8","August","2022","12:50","acidic tundra","Mesic",1,20,2022-08-08,0.27,2.54,0.3,0.11,0.64,0.24,0.19,0.005
"160","PhIr2022-163","8","August","2022","13:00","acidic tundra","Mesic",1,40,2022-08-08,0.3,2.7,0.33,0.16,0.67,0.21,0.27,0.01
"161","PhIr2022-164","8","August","2022","13:05","acidic tundra","Mesic",2,10,2022-08-08,0.43,2.75,0.47,0.37,0.62,0.26,0.33,0.01
"162","PhIr2022-165","8","August","2022","13:42","acidic tundra","Wet",1,0,2022-08-08,0.29,2.16,0.26,0.09,0.55,0.16,0.19,0.005
"163","PhIr2022-166","8","August","2022","13:41","acidic tundra","Wet",1,10,2022-08-08,0.55,2.2,5.93,0.08,0.58,0.28,0.15,0.01
"164","PhIr2022-167","8","August","2022","13:49","acidic tundra","Wet",1,20,2022-08-08,0.39,1.52,3.95,0.03,0.42,0.12,0.21,0.01
"165","PhIr2022-168","8","August","2022","13:32","acidic tundra","Wet",2,0,2022-08-08,0.31,3.62,0.17,0.27,0.66,0.07,0.29,0.01
"166","PhIr2022-169","8","August","2022","13:53","acidic tundra","Wet",2,10,2022-08-08,0.54,8.82,11.4,0.34,1.76,1.2,0.23,0.02
"167","PhIr2022-170","8","August","2022","13:27","acidic tundra","Wet",2,20,2022-08-08,0.4,3.75,1.92,0.12,0.72,0.97,0.31,0.005
"168","PhIr2022-171","8","August","2022","14:05","acidic tundra","Wet",3,0,2022-08-08,0.26,4.1,0.24,0.53,1,1.32,0.2,0.01
"169","PhIr2022-172","8","August","2022","14:02","acidic tundra","Wet",3,10,2022-08-08,0.79,21.2,66.2,0.75,4.22,51.2,0.34,0.005
"170","PhIr2022-173","8","August","2022","13:33","acidic tundra","Wet",3,20,2022-08-08,0.48,4.31,22.5,0.17,1.15,1.39,0.38,0.01
"171","PhIr2022-176","15","September","2022","17:10","acidic tundra","Mesic",1,10,2022-09-15,0.42,4.65,3.34,0.37,0.77,1.77,0.34,0.01
"172","PhIr2022-1","27","June","2022","14:46","acidic tundra","Dry",1,10,2022-06-27,20.5,119.4,8.6,26.9,13.8,4.9,19,0.5
"173","PhIr2022-175","15","September","2022","16:20","acidic tundra","Dry",3,20,2022-09-15,0.6,6.4,1.3,0.3,1,0.3,0.4,0.05
"174","PhIr2022-178","15","September","2022","17:00","acidic tundra","Mesic",1,40,2022-09-15,0.8,6.9,5.6,0.5,1.1,1,0.5,0.05
"175","PhIr2022-179","15","September","2022","17:30","acidic tundra","Mesic",3,10,2022-09-15,0.6,5.2,4.1,0.5,0.9,1.9,0.4,0.05
"176","PhIr2022-180","17","September","2022","10:20","acidic tundra","Mesic",2,10,2022-09-17,0.6,3.9,1.6,0.3,0.8,0.6,0.2,0.05
"177","PhIr2022-181","17","September","2022","10:50","acidic tundra","Wet",1,10,2022-09-17,0.9,5.8,6.3,0.5,0.8,0.9,0.5,0.05
"178","PhIr2022-182","17","September","2022","10:55","acidic tundra","Wet",1,20,2022-09-17,0.7,4.7,7.6,0.3,0.7,0.7,0.4,0.05
"179","PhIr2022-183","17","September","2022","11:10","acidic tundra","Wet",2,0,2022-09-17,1,8.4,9,0.8,1.2,4.2,0.6,0.05
"180","PhIr2022-184","17","September","2022","11:05","acidic tundra","Wet",2,10,2022-09-17,0.9,13.5,30.9,0.4,1.9,3.4,0.4,0.05
"181","PhIr2022-185","17","September","2022","10:30","acidic tundra","Wet",3,0,2022-09-17,0.9,6.6,6.7,0.7,0.9,1.6,0.6,0.05
"182","PhIr2022-186","17","September","2022","10:30","acidic tundra","Wet",3,10,2022-09-17,0.9,20.4,107,1.2,3.7,70.8,0.4,0.05
"183","PhIr2022-187","23","September","2022","11:50","non-acidic tundra","Mesic",3,10,2022-09-23,2.3,9.5,2.7,0.4,1.2,0.9,0.4,0.05
"184","PhIr2022-188","23","September","2022","12:30","non-acidic tundra","Wet",2,10,2022-09-23,485,207,3.5,0.4,5.6,0.2,9.5,0.05
"185","PhIr2022-189","23","September","2022","12:40","non-acidic tundra","Wet",2,0,2022-09-23,0.1,16.9,0.7,0.2,2.2,0.2,0.4,0.05
"186","PhIr2022-190","23","September","2022","12:50","non-acidic tundra","Wet",2,40,2022-09-23,407,81.7,6.5,0.2,3.2,0.6,6.8,0.05
"187","PhIr2022-191","23","September","2022","12:40","non-acidic tundra","Wet",2,20,2022-09-23,139,363,3,0.3,6.6,0.3,7.7,0.1
"188","PhIr2022-192","23","September","2022","13:05","non-acidic tundra","Wet",3,40,2022-09-23,0.2,35.2,5.2,0.1,3.6,1,0.5,0.05
