"","Area","Site","Depth_cm","year","month","day","ICP","mean","sd","month2","date_plot","area_site"
"1","acidic tundra","Dry",10,"2022","06","27","Al_ug_mL",20.5,NA,"June","June-27-2022","acidic tundra-Dry"
"2","acidic tundra","Dry",10,"2022","06","27","Ca_ug_mL",119.4,NA,"June","June-27-2022","acidic tundra-Dry"
"3","acidic tundra","Dry",10,"2022","06","27","Fe_ug_mL",8.6,NA,"June","June-27-2022","acidic tundra-Dry"
"4","acidic tundra","Dry",10,"2022","06","27","K_ug_mL",26.9,NA,"June","June-27-2022","acidic tundra-Dry"
"5","acidic tundra","Dry",10,"2022","06","27","Mg_ug_mL",13.8,NA,"June","June-27-2022","acidic tundra-Dry"
"6","acidic tundra","Dry",10,"2022","06","27","Mn_ug_mL",4.9,NA,"June","June-27-2022","acidic tundra-Dry"
"7","acidic tundra","Dry",10,"2022","06","27","Na_ug_mL",19,NA,"June","June-27-2022","acidic tundra-Dry"
"8","acidic tundra","Dry",10,"2022","06","27","P_ug_mL",0.5,NA,"June","June-27-2022","acidic tundra-Dry"
"9","acidic tundra","Dry",10,"2022","07","18","Al_ug_mL",0.28,NA,"July","July-18-2022","acidic tundra-Dry"
"10","acidic tundra","Dry",10,"2022","07","18","Ca_ug_mL",8.03,NA,"July","July-18-2022","acidic tundra-Dry"
"11","acidic tundra","Dry",10,"2022","07","18","Fe_ug_mL",0.22,NA,"July","July-18-2022","acidic tundra-Dry"
"12","acidic tundra","Dry",10,"2022","07","18","K_ug_mL",0.43,NA,"July","July-18-2022","acidic tundra-Dry"
"13","acidic tundra","Dry",10,"2022","07","18","Mg_ug_mL",1.13,NA,"July","July-18-2022","acidic tundra-Dry"
"14","acidic tundra","Dry",10,"2022","07","18","Mn_ug_mL",0.04,NA,"July","July-18-2022","acidic tundra-Dry"
"15","acidic tundra","Dry",10,"2022","07","18","Na_ug_mL",0.37,NA,"July","July-18-2022","acidic tundra-Dry"
"16","acidic tundra","Dry",10,"2022","07","18","P_ug_mL",0.01,NA,"July","July-18-2022","acidic tundra-Dry"
"17","acidic tundra","Dry",10,"2022","07","25","Al_ug_mL",0.22,NA,"July","July-25-2022","acidic tundra-Dry"
"18","acidic tundra","Dry",10,"2022","07","25","Ca_ug_mL",8.33,NA,"July","July-25-2022","acidic tundra-Dry"
"19","acidic tundra","Dry",10,"2022","07","25","Fe_ug_mL",0.26,NA,"July","July-25-2022","acidic tundra-Dry"
"20","acidic tundra","Dry",10,"2022","07","25","K_ug_mL",0.46,NA,"July","July-25-2022","acidic tundra-Dry"
"21","acidic tundra","Dry",10,"2022","07","25","Mg_ug_mL",1.25,NA,"July","July-25-2022","acidic tundra-Dry"
"22","acidic tundra","Dry",10,"2022","07","25","Mn_ug_mL",0.06,NA,"July","July-25-2022","acidic tundra-Dry"
"23","acidic tundra","Dry",10,"2022","07","25","Na_ug_mL",0.42,NA,"July","July-25-2022","acidic tundra-Dry"
"24","acidic tundra","Dry",10,"2022","07","25","P_ug_mL",0.01,NA,"July","July-25-2022","acidic tundra-Dry"
"25","acidic tundra","Dry",10,"2022","08","08","Al_ug_mL",0.53,0,"August","August-08-2022","acidic tundra-Dry"
"26","acidic tundra","Dry",10,"2022","08","08","Ca_ug_mL",4.495,1.195,"August","August-08-2022","acidic tundra-Dry"
"27","acidic tundra","Dry",10,"2022","08","08","Fe_ug_mL",0.56,0.071,"August","August-08-2022","acidic tundra-Dry"
"28","acidic tundra","Dry",10,"2022","08","08","K_ug_mL",0.425,0.106,"August","August-08-2022","acidic tundra-Dry"
"29","acidic tundra","Dry",10,"2022","08","08","Mg_ug_mL",0.825,0.049,"August","August-08-2022","acidic tundra-Dry"
"30","acidic tundra","Dry",10,"2022","08","08","Mn_ug_mL",0.145,0.035,"August","August-08-2022","acidic tundra-Dry"
"31","acidic tundra","Dry",10,"2022","08","08","Na_ug_mL",0.18,0.042,"August","August-08-2022","acidic tundra-Dry"
"32","acidic tundra","Dry",10,"2022","08","08","P_ug_mL",0.01,0,"August","August-08-2022","acidic tundra-Dry"
"33","acidic tundra","Dry",20,"2022","07","18","Al_ug_mL",0.51,NA,"July","July-18-2022","acidic tundra-Dry"
"34","acidic tundra","Dry",20,"2022","07","18","Ca_ug_mL",3.96,NA,"July","July-18-2022","acidic tundra-Dry"
"35","acidic tundra","Dry",20,"2022","07","18","Fe_ug_mL",0.51,NA,"July","July-18-2022","acidic tundra-Dry"
"36","acidic tundra","Dry",20,"2022","07","18","K_ug_mL",0.14,NA,"July","July-18-2022","acidic tundra-Dry"
"37","acidic tundra","Dry",20,"2022","07","18","Mg_ug_mL",0.75,NA,"July","July-18-2022","acidic tundra-Dry"
"38","acidic tundra","Dry",20,"2022","07","18","Mn_ug_mL",0.02,NA,"July","July-18-2022","acidic tundra-Dry"
"39","acidic tundra","Dry",20,"2022","07","18","Na_ug_mL",0.21,NA,"July","July-18-2022","acidic tundra-Dry"
"40","acidic tundra","Dry",20,"2022","07","18","P_ug_mL",0.01,NA,"July","July-18-2022","acidic tundra-Dry"
"41","acidic tundra","Dry",20,"2022","07","25","Al_ug_mL",0.52,NA,"July","July-25-2022","acidic tundra-Dry"
"42","acidic tundra","Dry",20,"2022","07","25","Ca_ug_mL",4.15,NA,"July","July-25-2022","acidic tundra-Dry"
"43","acidic tundra","Dry",20,"2022","07","25","Fe_ug_mL",0.54,NA,"July","July-25-2022","acidic tundra-Dry"
"44","acidic tundra","Dry",20,"2022","07","25","K_ug_mL",0.11,NA,"July","July-25-2022","acidic tundra-Dry"
"45","acidic tundra","Dry",20,"2022","07","25","Mg_ug_mL",0.81,NA,"July","July-25-2022","acidic tundra-Dry"
"46","acidic tundra","Dry",20,"2022","07","25","Mn_ug_mL",0.02,NA,"July","July-25-2022","acidic tundra-Dry"
"47","acidic tundra","Dry",20,"2022","07","25","Na_ug_mL",0.19,NA,"July","July-25-2022","acidic tundra-Dry"
"48","acidic tundra","Dry",20,"2022","07","25","P_ug_mL",0.01,NA,"July","July-25-2022","acidic tundra-Dry"
"49","acidic tundra","Dry",20,"2022","08","08","Al_ug_mL",0.56,NA,"August","August-08-2022","acidic tundra-Dry"
"50","acidic tundra","Dry",20,"2022","08","08","Ca_ug_mL",4.63,NA,"August","August-08-2022","acidic tundra-Dry"
"51","acidic tundra","Dry",20,"2022","08","08","Fe_ug_mL",0.56,NA,"August","August-08-2022","acidic tundra-Dry"
"52","acidic tundra","Dry",20,"2022","08","08","K_ug_mL",0.11,NA,"August","August-08-2022","acidic tundra-Dry"
"53","acidic tundra","Dry",20,"2022","08","08","Mg_ug_mL",0.86,NA,"August","August-08-2022","acidic tundra-Dry"
"54","acidic tundra","Dry",20,"2022","08","08","Mn_ug_mL",0.04,NA,"August","August-08-2022","acidic tundra-Dry"
"55","acidic tundra","Dry",20,"2022","08","08","Na_ug_mL",0.19,NA,"August","August-08-2022","acidic tundra-Dry"
"56","acidic tundra","Dry",20,"2022","08","08","P_ug_mL",0.01,NA,"August","August-08-2022","acidic tundra-Dry"
"57","acidic tundra","Dry",20,"2022","09","15","Al_ug_mL",0.6,NA,"September","September-15-2022","acidic tundra-Dry"
"58","acidic tundra","Dry",20,"2022","09","15","Ca_ug_mL",6.4,NA,"September","September-15-2022","acidic tundra-Dry"
"59","acidic tundra","Dry",20,"2022","09","15","Fe_ug_mL",1.3,NA,"September","September-15-2022","acidic tundra-Dry"
"60","acidic tundra","Dry",20,"2022","09","15","K_ug_mL",0.3,NA,"September","September-15-2022","acidic tundra-Dry"
"61","acidic tundra","Dry",20,"2022","09","15","Mg_ug_mL",1,NA,"September","September-15-2022","acidic tundra-Dry"
"62","acidic tundra","Dry",20,"2022","09","15","Mn_ug_mL",0.3,NA,"September","September-15-2022","acidic tundra-Dry"
"63","acidic tundra","Dry",20,"2022","09","15","Na_ug_mL",0.4,NA,"September","September-15-2022","acidic tundra-Dry"
"64","acidic tundra","Dry",20,"2022","09","15","P_ug_mL",0.05,NA,"September","September-15-2022","acidic tundra-Dry"
"65","acidic tundra","Hydric",0,"2022","07","18","Al_ug_mL",0.313,0.059,"July","July-18-2022","acidic tundra-Hydric"
"66","acidic tundra","Hydric",0,"2022","07","18","Ca_ug_mL",4.24,2.195,"July","July-18-2022","acidic tundra-Hydric"
"67","acidic tundra","Hydric",0,"2022","07","18","Fe_ug_mL",0.263,0.059,"July","July-18-2022","acidic tundra-Hydric"
"68","acidic tundra","Hydric",0,"2022","07","18","K_ug_mL",0.3,0.243,"July","July-18-2022","acidic tundra-Hydric"
"69","acidic tundra","Hydric",0,"2022","07","18","Mg_ug_mL",0.927,0.49,"July","July-18-2022","acidic tundra-Hydric"
"70","acidic tundra","Hydric",0,"2022","07","18","Mn_ug_mL",0.55,0.805,"July","July-18-2022","acidic tundra-Hydric"
"71","acidic tundra","Hydric",0,"2022","07","18","Na_ug_mL",0.323,0.04,"July","July-18-2022","acidic tundra-Hydric"
"72","acidic tundra","Hydric",0,"2022","07","18","P_ug_mL",0.015,0.013,"July","July-18-2022","acidic tundra-Hydric"
"73","acidic tundra","Hydric",0,"2022","07","25","Al_ug_mL",0.297,0.057,"July","July-25-2022","acidic tundra-Hydric"
"74","acidic tundra","Hydric",0,"2022","07","25","Ca_ug_mL",4.353,2.741,"July","July-25-2022","acidic tundra-Hydric"
"75","acidic tundra","Hydric",0,"2022","07","25","Fe_ug_mL",0.303,0.199,"July","July-25-2022","acidic tundra-Hydric"
"76","acidic tundra","Hydric",0,"2022","07","25","K_ug_mL",0.25,0.27,"July","July-25-2022","acidic tundra-Hydric"
"77","acidic tundra","Hydric",0,"2022","07","25","Mg_ug_mL",0.98,0.634,"July","July-25-2022","acidic tundra-Hydric"
"78","acidic tundra","Hydric",0,"2022","07","25","Mn_ug_mL",0.7,1.126,"July","July-25-2022","acidic tundra-Hydric"
"79","acidic tundra","Hydric",0,"2022","07","25","Na_ug_mL",0.217,0.042,"July","July-25-2022","acidic tundra-Hydric"
"80","acidic tundra","Hydric",0,"2022","07","25","P_ug_mL",0.007,0.003,"July","July-25-2022","acidic tundra-Hydric"
"81","acidic tundra","Hydric",0,"2022","08","08","Al_ug_mL",0.287,0.025,"August","August-08-2022","acidic tundra-Hydric"
"82","acidic tundra","Hydric",0,"2022","08","08","Ca_ug_mL",3.293,1.01,"August","August-08-2022","acidic tundra-Hydric"
"83","acidic tundra","Hydric",0,"2022","08","08","Fe_ug_mL",0.223,0.047,"August","August-08-2022","acidic tundra-Hydric"
"84","acidic tundra","Hydric",0,"2022","08","08","K_ug_mL",0.297,0.221,"August","August-08-2022","acidic tundra-Hydric"
"85","acidic tundra","Hydric",0,"2022","08","08","Mg_ug_mL",0.737,0.235,"August","August-08-2022","acidic tundra-Hydric"
"86","acidic tundra","Hydric",0,"2022","08","08","Mn_ug_mL",0.517,0.697,"August","August-08-2022","acidic tundra-Hydric"
"87","acidic tundra","Hydric",0,"2022","08","08","Na_ug_mL",0.227,0.055,"August","August-08-2022","acidic tundra-Hydric"
"88","acidic tundra","Hydric",0,"2022","08","08","P_ug_mL",0.008,0.003,"August","August-08-2022","acidic tundra-Hydric"
"89","acidic tundra","Hydric",0,"2022","09","17","Al_ug_mL",0.95,0.071,"September","September-17-2022","acidic tundra-Hydric"
"90","acidic tundra","Hydric",0,"2022","09","17","Ca_ug_mL",7.5,1.273,"September","September-17-2022","acidic tundra-Hydric"
"91","acidic tundra","Hydric",0,"2022","09","17","Fe_ug_mL",7.85,1.626,"September","September-17-2022","acidic tundra-Hydric"
"92","acidic tundra","Hydric",0,"2022","09","17","K_ug_mL",0.75,0.071,"September","September-17-2022","acidic tundra-Hydric"
"93","acidic tundra","Hydric",0,"2022","09","17","Mg_ug_mL",1.05,0.212,"September","September-17-2022","acidic tundra-Hydric"
"94","acidic tundra","Hydric",0,"2022","09","17","Mn_ug_mL",2.9,1.838,"September","September-17-2022","acidic tundra-Hydric"
"95","acidic tundra","Hydric",0,"2022","09","17","Na_ug_mL",0.6,0,"September","September-17-2022","acidic tundra-Hydric"
"96","acidic tundra","Hydric",0,"2022","09","17","P_ug_mL",0.05,0,"September","September-17-2022","acidic tundra-Hydric"
"97","acidic tundra","Hydric",10,"2022","06","27","Al_ug_mL",0.393,0.127,"June","June-27-2022","acidic tundra-Hydric"
"98","acidic tundra","Hydric",10,"2022","06","27","Ca_ug_mL",3.333,0.946,"June","June-27-2022","acidic tundra-Hydric"
"99","acidic tundra","Hydric",10,"2022","06","27","Fe_ug_mL",1.13,0.541,"June","June-27-2022","acidic tundra-Hydric"
"100","acidic tundra","Hydric",10,"2022","06","27","K_ug_mL",0.72,0.44,"June","June-27-2022","acidic tundra-Hydric"
"101","acidic tundra","Hydric",10,"2022","06","27","Mg_ug_mL",0.723,0.179,"June","June-27-2022","acidic tundra-Hydric"
"102","acidic tundra","Hydric",10,"2022","06","27","Mn_ug_mL",1.217,1.538,"June","June-27-2022","acidic tundra-Hydric"
"103","acidic tundra","Hydric",10,"2022","06","27","Na_ug_mL",0.66,0.272,"June","June-27-2022","acidic tundra-Hydric"
"104","acidic tundra","Hydric",10,"2022","06","27","P_ug_mL",0.033,0.04,"June","June-27-2022","acidic tundra-Hydric"
"105","acidic tundra","Hydric",10,"2022","07","06","Al_ug_mL",0.515,0.035,"July","July-06-2022","acidic tundra-Hydric"
"106","acidic tundra","Hydric",10,"2022","07","06","Ca_ug_mL",5.81,3.154,"July","July-06-2022","acidic tundra-Hydric"
"107","acidic tundra","Hydric",10,"2022","07","06","Fe_ug_mL",3.92,4.342,"July","July-06-2022","acidic tundra-Hydric"
"108","acidic tundra","Hydric",10,"2022","07","06","K_ug_mL",0.44,0,"July","July-06-2022","acidic tundra-Hydric"
"109","acidic tundra","Hydric",10,"2022","07","06","Mg_ug_mL",1.23,0.863,"July","July-06-2022","acidic tundra-Hydric"
"110","acidic tundra","Hydric",10,"2022","07","06","Mn_ug_mL",4.635,6.23,"July","July-06-2022","acidic tundra-Hydric"
"111","acidic tundra","Hydric",10,"2022","07","06","Na_ug_mL",0.445,0.049,"July","July-06-2022","acidic tundra-Hydric"
"112","acidic tundra","Hydric",10,"2022","07","06","P_ug_mL",0.007,0.004,"July","July-06-2022","acidic tundra-Hydric"
"113","acidic tundra","Hydric",10,"2022","07","11","Al_ug_mL",0.493,0.146,"July","July-11-2022","acidic tundra-Hydric"
"114","acidic tundra","Hydric",10,"2022","07","11","Ca_ug_mL",5.03,3.557,"July","July-11-2022","acidic tundra-Hydric"
"115","acidic tundra","Hydric",10,"2022","07","11","Fe_ug_mL",5.847,5.87,"July","July-11-2022","acidic tundra-Hydric"
"116","acidic tundra","Hydric",10,"2022","07","11","K_ug_mL",0.21,0.149,"July","July-11-2022","acidic tundra-Hydric"
"117","acidic tundra","Hydric",10,"2022","07","11","Mg_ug_mL",1.12,0.764,"July","July-11-2022","acidic tundra-Hydric"
"118","acidic tundra","Hydric",10,"2022","07","11","Mn_ug_mL",4.413,6.917,"July","July-11-2022","acidic tundra-Hydric"
"119","acidic tundra","Hydric",10,"2022","07","11","Na_ug_mL",0.25,0.044,"July","July-11-2022","acidic tundra-Hydric"
"120","acidic tundra","Hydric",10,"2022","07","11","P_ug_mL",0.01,0.009,"July","July-11-2022","acidic tundra-Hydric"
"121","acidic tundra","Hydric",10,"2022","07","18","Al_ug_mL",0.687,0.348,"July","July-18-2022","acidic tundra-Hydric"
"122","acidic tundra","Hydric",10,"2022","07","18","Ca_ug_mL",5.883,3.782,"July","July-18-2022","acidic tundra-Hydric"
"123","acidic tundra","Hydric",10,"2022","07","18","Fe_ug_mL",6.81,7.122,"July","July-18-2022","acidic tundra-Hydric"
"124","acidic tundra","Hydric",10,"2022","07","18","K_ug_mL",0.553,0.65,"July","July-18-2022","acidic tundra-Hydric"
"125","acidic tundra","Hydric",10,"2022","07","18","Mg_ug_mL",1.203,0.801,"July","July-18-2022","acidic tundra-Hydric"
"126","acidic tundra","Hydric",10,"2022","07","18","Mn_ug_mL",5.097,8.144,"July","July-18-2022","acidic tundra-Hydric"
"127","acidic tundra","Hydric",10,"2022","07","18","Na_ug_mL",0.413,0.31,"July","July-18-2022","acidic tundra-Hydric"
"128","acidic tundra","Hydric",10,"2022","07","18","P_ug_mL",0.012,0.008,"July","July-18-2022","acidic tundra-Hydric"
"129","acidic tundra","Hydric",10,"2022","07","25","Al_ug_mL",0.553,0.133,"July","July-25-2022","acidic tundra-Hydric"
"130","acidic tundra","Hydric",10,"2022","07","25","Ca_ug_mL",6.83,5.385,"July","July-25-2022","acidic tundra-Hydric"
"131","acidic tundra","Hydric",10,"2022","07","25","Fe_ug_mL",11.037,11.661,"July","July-25-2022","acidic tundra-Hydric"
"132","acidic tundra","Hydric",10,"2022","07","25","K_ug_mL",0.233,0.142,"July","July-25-2022","acidic tundra-Hydric"
"133","acidic tundra","Hydric",10,"2022","07","25","Mg_ug_mL",1.487,1.083,"July","July-25-2022","acidic tundra-Hydric"
"134","acidic tundra","Hydric",10,"2022","07","25","Mn_ug_mL",7.4,12.039,"July","July-25-2022","acidic tundra-Hydric"
"135","acidic tundra","Hydric",10,"2022","07","25","Na_ug_mL",0.24,0.053,"July","July-25-2022","acidic tundra-Hydric"
"136","acidic tundra","Hydric",10,"2022","07","25","P_ug_mL",0.008,0.003,"July","July-25-2022","acidic tundra-Hydric"
"137","acidic tundra","Hydric",10,"2022","08","08","Al_ug_mL",0.627,0.142,"August","August-08-2022","acidic tundra-Hydric"
"138","acidic tundra","Hydric",10,"2022","08","08","Ca_ug_mL",10.74,9.644,"August","August-08-2022","acidic tundra-Hydric"
"139","acidic tundra","Hydric",10,"2022","08","08","Fe_ug_mL",27.843,33.33,"August","August-08-2022","acidic tundra-Hydric"
"140","acidic tundra","Hydric",10,"2022","08","08","K_ug_mL",0.39,0.338,"August","August-08-2022","acidic tundra-Hydric"
"141","acidic tundra","Hydric",10,"2022","08","08","Mg_ug_mL",2.187,1.857,"August","August-08-2022","acidic tundra-Hydric"
"142","acidic tundra","Hydric",10,"2022","08","08","Mn_ug_mL",17.56,29.137,"August","August-08-2022","acidic tundra-Hydric"
"143","acidic tundra","Hydric",10,"2022","08","08","Na_ug_mL",0.24,0.095,"August","August-08-2022","acidic tundra-Hydric"
"144","acidic tundra","Hydric",10,"2022","08","08","P_ug_mL",0.012,0.008,"August","August-08-2022","acidic tundra-Hydric"
"145","acidic tundra","Hydric",10,"2022","09","17","Al_ug_mL",0.9,0,"September","September-17-2022","acidic tundra-Hydric"
"146","acidic tundra","Hydric",10,"2022","09","17","Ca_ug_mL",13.233,7.304,"September","September-17-2022","acidic tundra-Hydric"
"147","acidic tundra","Hydric",10,"2022","09","17","Fe_ug_mL",48.067,52.499,"September","September-17-2022","acidic tundra-Hydric"
"148","acidic tundra","Hydric",10,"2022","09","17","K_ug_mL",0.7,0.436,"September","September-17-2022","acidic tundra-Hydric"
"149","acidic tundra","Hydric",10,"2022","09","17","Mg_ug_mL",2.133,1.464,"September","September-17-2022","acidic tundra-Hydric"
"150","acidic tundra","Hydric",10,"2022","09","17","Mn_ug_mL",25.033,39.655,"September","September-17-2022","acidic tundra-Hydric"
"151","acidic tundra","Hydric",10,"2022","09","17","Na_ug_mL",0.433,0.058,"September","September-17-2022","acidic tundra-Hydric"
"152","acidic tundra","Hydric",10,"2022","09","17","P_ug_mL",0.05,0,"September","September-17-2022","acidic tundra-Hydric"
"153","acidic tundra","Hydric",20,"2022","07","06","Al_ug_mL",0.22,NA,"July","July-06-2022","acidic tundra-Hydric"
"154","acidic tundra","Hydric",20,"2022","07","06","Ca_ug_mL",1.65,NA,"July","July-06-2022","acidic tundra-Hydric"
"155","acidic tundra","Hydric",20,"2022","07","06","Fe_ug_mL",0.76,NA,"July","July-06-2022","acidic tundra-Hydric"
"156","acidic tundra","Hydric",20,"2022","07","06","K_ug_mL",0.42,NA,"July","July-06-2022","acidic tundra-Hydric"
"157","acidic tundra","Hydric",20,"2022","07","06","Mg_ug_mL",0.45,NA,"July","July-06-2022","acidic tundra-Hydric"
"158","acidic tundra","Hydric",20,"2022","07","06","Mn_ug_mL",0.1,NA,"July","July-06-2022","acidic tundra-Hydric"
"159","acidic tundra","Hydric",20,"2022","07","06","Na_ug_mL",0.4,NA,"July","July-06-2022","acidic tundra-Hydric"
"160","acidic tundra","Hydric",20,"2022","07","06","P_ug_mL",0.03,NA,"July","July-06-2022","acidic tundra-Hydric"
"161","acidic tundra","Hydric",20,"2022","07","11","Al_ug_mL",0.25,NA,"July","July-11-2022","acidic tundra-Hydric"
"162","acidic tundra","Hydric",20,"2022","07","11","Ca_ug_mL",1.56,NA,"July","July-11-2022","acidic tundra-Hydric"
"163","acidic tundra","Hydric",20,"2022","07","11","Fe_ug_mL",1.31,NA,"July","July-11-2022","acidic tundra-Hydric"
"164","acidic tundra","Hydric",20,"2022","07","11","K_ug_mL",0.08,NA,"July","July-11-2022","acidic tundra-Hydric"
"165","acidic tundra","Hydric",20,"2022","07","11","Mg_ug_mL",0.41,NA,"July","July-11-2022","acidic tundra-Hydric"
"166","acidic tundra","Hydric",20,"2022","07","11","Mn_ug_mL",0.12,NA,"July","July-11-2022","acidic tundra-Hydric"
"167","acidic tundra","Hydric",20,"2022","07","11","Na_ug_mL",0.23,NA,"July","July-11-2022","acidic tundra-Hydric"
"168","acidic tundra","Hydric",20,"2022","07","11","P_ug_mL",0.01,NA,"July","July-11-2022","acidic tundra-Hydric"
"169","acidic tundra","Hydric",20,"2022","07","18","Al_ug_mL",0.275,0.007,"July","July-18-2022","acidic tundra-Hydric"
"170","acidic tundra","Hydric",20,"2022","07","18","Ca_ug_mL",2.5,1.57,"July","July-18-2022","acidic tundra-Hydric"
"171","acidic tundra","Hydric",20,"2022","07","18","Fe_ug_mL",0.955,0.643,"July","July-18-2022","acidic tundra-Hydric"
"172","acidic tundra","Hydric",20,"2022","07","18","K_ug_mL",0.09,0.057,"July","July-18-2022","acidic tundra-Hydric"
"173","acidic tundra","Hydric",20,"2022","07","18","Mg_ug_mL",0.53,0.212,"July","July-18-2022","acidic tundra-Hydric"
"174","acidic tundra","Hydric",20,"2022","07","18","Mn_ug_mL",0.645,0.757,"July","July-18-2022","acidic tundra-Hydric"
"175","acidic tundra","Hydric",20,"2022","07","18","Na_ug_mL",0.31,0.156,"July","July-18-2022","acidic tundra-Hydric"
"176","acidic tundra","Hydric",20,"2022","07","18","P_ug_mL",0.01,0,"July","July-18-2022","acidic tundra-Hydric"
"177","acidic tundra","Hydric",20,"2022","07","25","Al_ug_mL",0.3,0.044,"July","July-25-2022","acidic tundra-Hydric"
"178","acidic tundra","Hydric",20,"2022","07","25","Ca_ug_mL",3.333,2.012,"July","July-25-2022","acidic tundra-Hydric"
"179","acidic tundra","Hydric",20,"2022","07","25","Fe_ug_mL",7.983,11.461,"July","July-25-2022","acidic tundra-Hydric"
"180","acidic tundra","Hydric",20,"2022","07","25","K_ug_mL",0.327,0.446,"July","July-25-2022","acidic tundra-Hydric"
"181","acidic tundra","Hydric",20,"2022","07","25","Mg_ug_mL",0.823,0.551,"July","July-25-2022","acidic tundra-Hydric"
"182","acidic tundra","Hydric",20,"2022","07","25","Mn_ug_mL",1.247,1.275,"July","July-25-2022","acidic tundra-Hydric"
"183","acidic tundra","Hydric",20,"2022","07","25","Na_ug_mL",0.377,0.214,"July","July-25-2022","acidic tundra-Hydric"
"184","acidic tundra","Hydric",20,"2022","07","25","P_ug_mL",0.012,0.008,"July","July-25-2022","acidic tundra-Hydric"
"185","acidic tundra","Hydric",20,"2022","08","08","Al_ug_mL",0.423,0.049,"August","August-08-2022","acidic tundra-Hydric"
"186","acidic tundra","Hydric",20,"2022","08","08","Ca_ug_mL",3.193,1.476,"August","August-08-2022","acidic tundra-Hydric"
"187","acidic tundra","Hydric",20,"2022","08","08","Fe_ug_mL",9.457,11.341,"August","August-08-2022","acidic tundra-Hydric"
"188","acidic tundra","Hydric",20,"2022","08","08","K_ug_mL",0.107,0.071,"August","August-08-2022","acidic tundra-Hydric"
"189","acidic tundra","Hydric",20,"2022","08","08","Mg_ug_mL",0.763,0.367,"August","August-08-2022","acidic tundra-Hydric"
"190","acidic tundra","Hydric",20,"2022","08","08","Mn_ug_mL",0.827,0.647,"August","August-08-2022","acidic tundra-Hydric"
"191","acidic tundra","Hydric",20,"2022","08","08","Na_ug_mL",0.3,0.085,"August","August-08-2022","acidic tundra-Hydric"
"192","acidic tundra","Hydric",20,"2022","08","08","P_ug_mL",0.008,0.003,"August","August-08-2022","acidic tundra-Hydric"
"193","acidic tundra","Hydric",20,"2022","09","17","Al_ug_mL",0.7,NA,"September","September-17-2022","acidic tundra-Hydric"
"194","acidic tundra","Hydric",20,"2022","09","17","Ca_ug_mL",4.7,NA,"September","September-17-2022","acidic tundra-Hydric"
"195","acidic tundra","Hydric",20,"2022","09","17","Fe_ug_mL",7.6,NA,"September","September-17-2022","acidic tundra-Hydric"
"196","acidic tundra","Hydric",20,"2022","09","17","K_ug_mL",0.3,NA,"September","September-17-2022","acidic tundra-Hydric"
"197","acidic tundra","Hydric",20,"2022","09","17","Mg_ug_mL",0.7,NA,"September","September-17-2022","acidic tundra-Hydric"
"198","acidic tundra","Hydric",20,"2022","09","17","Mn_ug_mL",0.7,NA,"September","September-17-2022","acidic tundra-Hydric"
"199","acidic tundra","Hydric",20,"2022","09","17","Na_ug_mL",0.4,NA,"September","September-17-2022","acidic tundra-Hydric"
"200","acidic tundra","Hydric",20,"2022","09","17","P_ug_mL",0.05,NA,"September","September-17-2022","acidic tundra-Hydric"
"201","acidic tundra","Mesic",0,"2022","08","08","Al_ug_mL",0.24,NA,"August","August-08-2022","acidic tundra-Mesic"
"202","acidic tundra","Mesic",0,"2022","08","08","Ca_ug_mL",2.43,NA,"August","August-08-2022","acidic tundra-Mesic"
"203","acidic tundra","Mesic",0,"2022","08","08","Fe_ug_mL",0.13,NA,"August","August-08-2022","acidic tundra-Mesic"
"204","acidic tundra","Mesic",0,"2022","08","08","K_ug_mL",0.26,NA,"August","August-08-2022","acidic tundra-Mesic"
"205","acidic tundra","Mesic",0,"2022","08","08","Mg_ug_mL",0.63,NA,"August","August-08-2022","acidic tundra-Mesic"
"206","acidic tundra","Mesic",0,"2022","08","08","Mn_ug_mL",0.02,NA,"August","August-08-2022","acidic tundra-Mesic"
"207","acidic tundra","Mesic",0,"2022","08","08","Na_ug_mL",0.2,NA,"August","August-08-2022","acidic tundra-Mesic"
"208","acidic tundra","Mesic",0,"2022","08","08","P_ug_mL",0.01,NA,"August","August-08-2022","acidic tundra-Mesic"
"209","acidic tundra","Mesic",10,"2022","06","27","Al_ug_mL",0.9,0.269,"June","June-27-2022","acidic tundra-Mesic"
"210","acidic tundra","Mesic",10,"2022","06","27","Ca_ug_mL",5.58,1.541,"June","June-27-2022","acidic tundra-Mesic"
"211","acidic tundra","Mesic",10,"2022","06","27","Fe_ug_mL",0.595,0.035,"June","June-27-2022","acidic tundra-Mesic"
"212","acidic tundra","Mesic",10,"2022","06","27","K_ug_mL",1.87,0.467,"June","June-27-2022","acidic tundra-Mesic"
"213","acidic tundra","Mesic",10,"2022","06","27","Mg_ug_mL",1.055,0.29,"June","June-27-2022","acidic tundra-Mesic"
"214","acidic tundra","Mesic",10,"2022","06","27","Mn_ug_mL",0.665,0.247,"June","June-27-2022","acidic tundra-Mesic"
"215","acidic tundra","Mesic",10,"2022","06","27","Na_ug_mL",1.045,0.247,"June","June-27-2022","acidic tundra-Mesic"
"216","acidic tundra","Mesic",10,"2022","06","27","P_ug_mL",0.045,0.035,"June","June-27-2022","acidic tundra-Mesic"
"217","acidic tundra","Mesic",10,"2022","07","18","Al_ug_mL",0.41,0.156,"July","July-18-2022","acidic tundra-Mesic"
"218","acidic tundra","Mesic",10,"2022","07","18","Ca_ug_mL",2.8,0.523,"July","July-18-2022","acidic tundra-Mesic"
"219","acidic tundra","Mesic",10,"2022","07","18","Fe_ug_mL",0.235,0.064,"July","July-18-2022","acidic tundra-Mesic"
"220","acidic tundra","Mesic",10,"2022","07","18","K_ug_mL",0.445,0.389,"July","July-18-2022","acidic tundra-Mesic"
"221","acidic tundra","Mesic",10,"2022","07","18","Mg_ug_mL",0.675,0.092,"July","July-18-2022","acidic tundra-Mesic"
"222","acidic tundra","Mesic",10,"2022","07","18","Mn_ug_mL",0.095,0.021,"July","July-18-2022","acidic tundra-Mesic"
"223","acidic tundra","Mesic",10,"2022","07","18","Na_ug_mL",0.285,0.106,"July","July-18-2022","acidic tundra-Mesic"
"224","acidic tundra","Mesic",10,"2022","07","18","P_ug_mL",0.007,0.004,"July","July-18-2022","acidic tundra-Mesic"
"225","acidic tundra","Mesic",10,"2022","07","25","Al_ug_mL",0.325,0.035,"July","July-25-2022","acidic tundra-Mesic"
"226","acidic tundra","Mesic",10,"2022","07","25","Ca_ug_mL",2.63,0.071,"July","July-25-2022","acidic tundra-Mesic"
"227","acidic tundra","Mesic",10,"2022","07","25","Fe_ug_mL",0.335,0.219,"July","July-25-2022","acidic tundra-Mesic"
"228","acidic tundra","Mesic",10,"2022","07","25","K_ug_mL",0.29,0.085,"July","July-25-2022","acidic tundra-Mesic"
"229","acidic tundra","Mesic",10,"2022","07","25","Mg_ug_mL",0.68,0.028,"July","July-25-2022","acidic tundra-Mesic"
"230","acidic tundra","Mesic",10,"2022","07","25","Mn_ug_mL",0.21,0.212,"July","July-25-2022","acidic tundra-Mesic"
"231","acidic tundra","Mesic",10,"2022","07","25","Na_ug_mL",0.23,0.014,"July","July-25-2022","acidic tundra-Mesic"
"232","acidic tundra","Mesic",10,"2022","07","25","P_ug_mL",0.01,0,"July","July-25-2022","acidic tundra-Mesic"
"233","acidic tundra","Mesic",10,"2022","08","08","Al_ug_mL",0.33,0.141,"August","August-08-2022","acidic tundra-Mesic"
"234","acidic tundra","Mesic",10,"2022","08","08","Ca_ug_mL",2.445,0.431,"August","August-08-2022","acidic tundra-Mesic"
"235","acidic tundra","Mesic",10,"2022","08","08","Fe_ug_mL",0.31,0.226,"August","August-08-2022","acidic tundra-Mesic"
"236","acidic tundra","Mesic",10,"2022","08","08","K_ug_mL",0.29,0.113,"August","August-08-2022","acidic tundra-Mesic"
"237","acidic tundra","Mesic",10,"2022","08","08","Mg_ug_mL",0.585,0.049,"August","August-08-2022","acidic tundra-Mesic"
"238","acidic tundra","Mesic",10,"2022","08","08","Mn_ug_mL",0.155,0.148,"August","August-08-2022","acidic tundra-Mesic"
"239","acidic tundra","Mesic",10,"2022","08","08","Na_ug_mL",0.25,0.113,"August","August-08-2022","acidic tundra-Mesic"
"240","acidic tundra","Mesic",10,"2022","08","08","P_ug_mL",0.007,0.004,"August","August-08-2022","acidic tundra-Mesic"
"241","acidic tundra","Mesic",10,"2022","09","15","Al_ug_mL",0.51,0.127,"September","September-15-2022","acidic tundra-Mesic"
"242","acidic tundra","Mesic",10,"2022","09","15","Ca_ug_mL",4.925,0.389,"September","September-15-2022","acidic tundra-Mesic"
"243","acidic tundra","Mesic",10,"2022","09","15","Fe_ug_mL",3.72,0.537,"September","September-15-2022","acidic tundra-Mesic"
"244","acidic tundra","Mesic",10,"2022","09","15","K_ug_mL",0.435,0.092,"September","September-15-2022","acidic tundra-Mesic"
"245","acidic tundra","Mesic",10,"2022","09","15","Mg_ug_mL",0.835,0.092,"September","September-15-2022","acidic tundra-Mesic"
"246","acidic tundra","Mesic",10,"2022","09","15","Mn_ug_mL",1.835,0.092,"September","September-15-2022","acidic tundra-Mesic"
"247","acidic tundra","Mesic",10,"2022","09","15","Na_ug_mL",0.37,0.042,"September","September-15-2022","acidic tundra-Mesic"
"248","acidic tundra","Mesic",10,"2022","09","15","P_ug_mL",0.03,0.028,"September","September-15-2022","acidic tundra-Mesic"
"249","acidic tundra","Mesic",10,"2022","09","17","Al_ug_mL",0.6,NA,"September","September-17-2022","acidic tundra-Mesic"
"250","acidic tundra","Mesic",10,"2022","09","17","Ca_ug_mL",3.9,NA,"September","September-17-2022","acidic tundra-Mesic"
"251","acidic tundra","Mesic",10,"2022","09","17","Fe_ug_mL",1.6,NA,"September","September-17-2022","acidic tundra-Mesic"
"252","acidic tundra","Mesic",10,"2022","09","17","K_ug_mL",0.3,NA,"September","September-17-2022","acidic tundra-Mesic"
"253","acidic tundra","Mesic",10,"2022","09","17","Mg_ug_mL",0.8,NA,"September","September-17-2022","acidic tundra-Mesic"
"254","acidic tundra","Mesic",10,"2022","09","17","Mn_ug_mL",0.6,NA,"September","September-17-2022","acidic tundra-Mesic"
"255","acidic tundra","Mesic",10,"2022","09","17","Na_ug_mL",0.2,NA,"September","September-17-2022","acidic tundra-Mesic"
"256","acidic tundra","Mesic",10,"2022","09","17","P_ug_mL",0.05,NA,"September","September-17-2022","acidic tundra-Mesic"
"257","acidic tundra","Mesic",20,"2022","08","08","Al_ug_mL",0.27,NA,"August","August-08-2022","acidic tundra-Mesic"
"258","acidic tundra","Mesic",20,"2022","08","08","Ca_ug_mL",2.54,NA,"August","August-08-2022","acidic tundra-Mesic"
"259","acidic tundra","Mesic",20,"2022","08","08","Fe_ug_mL",0.3,NA,"August","August-08-2022","acidic tundra-Mesic"
"260","acidic tundra","Mesic",20,"2022","08","08","K_ug_mL",0.11,NA,"August","August-08-2022","acidic tundra-Mesic"
"261","acidic tundra","Mesic",20,"2022","08","08","Mg_ug_mL",0.64,NA,"August","August-08-2022","acidic tundra-Mesic"
"262","acidic tundra","Mesic",20,"2022","08","08","Mn_ug_mL",0.24,NA,"August","August-08-2022","acidic tundra-Mesic"
"263","acidic tundra","Mesic",20,"2022","08","08","Na_ug_mL",0.19,NA,"August","August-08-2022","acidic tundra-Mesic"
"264","acidic tundra","Mesic",20,"2022","08","08","P_ug_mL",0.005,NA,"August","August-08-2022","acidic tundra-Mesic"
"265","acidic tundra","Mesic",40,"2022","07","25","Al_ug_mL",0.4,NA,"July","July-25-2022","acidic tundra-Mesic"
"266","acidic tundra","Mesic",40,"2022","07","25","Ca_ug_mL",3.61,NA,"July","July-25-2022","acidic tundra-Mesic"
"267","acidic tundra","Mesic",40,"2022","07","25","Fe_ug_mL",0.55,NA,"July","July-25-2022","acidic tundra-Mesic"
"268","acidic tundra","Mesic",40,"2022","07","25","K_ug_mL",1.11,NA,"July","July-25-2022","acidic tundra-Mesic"
"269","acidic tundra","Mesic",40,"2022","07","25","Mg_ug_mL",0.93,NA,"July","July-25-2022","acidic tundra-Mesic"
"270","acidic tundra","Mesic",40,"2022","07","25","Mn_ug_mL",0.19,NA,"July","July-25-2022","acidic tundra-Mesic"
"271","acidic tundra","Mesic",40,"2022","07","25","Na_ug_mL",1.21,NA,"July","July-25-2022","acidic tundra-Mesic"
"272","acidic tundra","Mesic",40,"2022","07","25","P_ug_mL",0.03,NA,"July","July-25-2022","acidic tundra-Mesic"
"273","acidic tundra","Mesic",40,"2022","08","08","Al_ug_mL",0.3,NA,"August","August-08-2022","acidic tundra-Mesic"
"274","acidic tundra","Mesic",40,"2022","08","08","Ca_ug_mL",2.7,NA,"August","August-08-2022","acidic tundra-Mesic"
"275","acidic tundra","Mesic",40,"2022","08","08","Fe_ug_mL",0.33,NA,"August","August-08-2022","acidic tundra-Mesic"
"276","acidic tundra","Mesic",40,"2022","08","08","K_ug_mL",0.16,NA,"August","August-08-2022","acidic tundra-Mesic"
"277","acidic tundra","Mesic",40,"2022","08","08","Mg_ug_mL",0.67,NA,"August","August-08-2022","acidic tundra-Mesic"
"278","acidic tundra","Mesic",40,"2022","08","08","Mn_ug_mL",0.21,NA,"August","August-08-2022","acidic tundra-Mesic"
"279","acidic tundra","Mesic",40,"2022","08","08","Na_ug_mL",0.27,NA,"August","August-08-2022","acidic tundra-Mesic"
"280","acidic tundra","Mesic",40,"2022","08","08","P_ug_mL",0.01,NA,"August","August-08-2022","acidic tundra-Mesic"
"281","acidic tundra","Mesic",40,"2022","09","15","Al_ug_mL",0.8,NA,"September","September-15-2022","acidic tundra-Mesic"
"282","acidic tundra","Mesic",40,"2022","09","15","Ca_ug_mL",6.9,NA,"September","September-15-2022","acidic tundra-Mesic"
"283","acidic tundra","Mesic",40,"2022","09","15","Fe_ug_mL",5.6,NA,"September","September-15-2022","acidic tundra-Mesic"
"284","acidic tundra","Mesic",40,"2022","09","15","K_ug_mL",0.5,NA,"September","September-15-2022","acidic tundra-Mesic"
"285","acidic tundra","Mesic",40,"2022","09","15","Mg_ug_mL",1.1,NA,"September","September-15-2022","acidic tundra-Mesic"
"286","acidic tundra","Mesic",40,"2022","09","15","Mn_ug_mL",1,NA,"September","September-15-2022","acidic tundra-Mesic"
"287","acidic tundra","Mesic",40,"2022","09","15","Na_ug_mL",0.5,NA,"September","September-15-2022","acidic tundra-Mesic"
"288","acidic tundra","Mesic",40,"2022","09","15","P_ug_mL",0.05,NA,"September","September-15-2022","acidic tundra-Mesic"
"289","non-acidic tundra","Dry",0,"2022","06","29","Al_ug_mL",0.02,NA,"June","June-29-2022","non-acidic tundra-Dry"
"290","non-acidic tundra","Dry",0,"2022","06","29","Ca_ug_mL",8.04,NA,"June","June-29-2022","non-acidic tundra-Dry"
"291","non-acidic tundra","Dry",0,"2022","06","29","Fe_ug_mL",0.02,NA,"June","June-29-2022","non-acidic tundra-Dry"
"292","non-acidic tundra","Dry",0,"2022","06","29","K_ug_mL",0.34,NA,"June","June-29-2022","non-acidic tundra-Dry"
"293","non-acidic tundra","Dry",0,"2022","06","29","Mg_ug_mL",1.09,NA,"June","June-29-2022","non-acidic tundra-Dry"
"294","non-acidic tundra","Dry",0,"2022","06","29","Mn_ug_mL",0.003,NA,"June","June-29-2022","non-acidic tundra-Dry"
"295","non-acidic tundra","Dry",0,"2022","06","29","Na_ug_mL",0.33,NA,"June","June-29-2022","non-acidic tundra-Dry"
"296","non-acidic tundra","Dry",0,"2022","06","29","P_ug_mL",0.01,NA,"June","June-29-2022","non-acidic tundra-Dry"
"297","non-acidic tundra","Dry",0,"2022","07","26","Al_ug_mL",0.02,NA,"July","July-26-2022","non-acidic tundra-Dry"
"298","non-acidic tundra","Dry",0,"2022","07","26","Ca_ug_mL",13.3,NA,"July","July-26-2022","non-acidic tundra-Dry"
"299","non-acidic tundra","Dry",0,"2022","07","26","Fe_ug_mL",0.02,NA,"July","July-26-2022","non-acidic tundra-Dry"
"300","non-acidic tundra","Dry",0,"2022","07","26","K_ug_mL",0.03,NA,"July","July-26-2022","non-acidic tundra-Dry"
"301","non-acidic tundra","Dry",0,"2022","07","26","Mg_ug_mL",1.86,NA,"July","July-26-2022","non-acidic tundra-Dry"
"302","non-acidic tundra","Dry",0,"2022","07","26","Mn_ug_mL",0.003,NA,"July","July-26-2022","non-acidic tundra-Dry"
"303","non-acidic tundra","Dry",0,"2022","07","26","Na_ug_mL",0.32,NA,"July","July-26-2022","non-acidic tundra-Dry"
"304","non-acidic tundra","Dry",0,"2022","07","26","P_ug_mL",0.005,NA,"July","July-26-2022","non-acidic tundra-Dry"
"305","non-acidic tundra","Dry",0,"2022","08","07","Al_ug_mL",0.02,NA,"August","August-07-2022","non-acidic tundra-Dry"
"306","non-acidic tundra","Dry",0,"2022","08","07","Ca_ug_mL",14.4,NA,"August","August-07-2022","non-acidic tundra-Dry"
"307","non-acidic tundra","Dry",0,"2022","08","07","Fe_ug_mL",0.02,NA,"August","August-07-2022","non-acidic tundra-Dry"
"308","non-acidic tundra","Dry",0,"2022","08","07","K_ug_mL",0.03,NA,"August","August-07-2022","non-acidic tundra-Dry"
"309","non-acidic tundra","Dry",0,"2022","08","07","Mg_ug_mL",1.9,NA,"August","August-07-2022","non-acidic tundra-Dry"
"310","non-acidic tundra","Dry",0,"2022","08","07","Mn_ug_mL",0.003,NA,"August","August-07-2022","non-acidic tundra-Dry"
"311","non-acidic tundra","Dry",0,"2022","08","07","Na_ug_mL",0.28,NA,"August","August-07-2022","non-acidic tundra-Dry"
"312","non-acidic tundra","Dry",0,"2022","08","07","P_ug_mL",0.005,NA,"August","August-07-2022","non-acidic tundra-Dry"
"313","non-acidic tundra","Dry",10,"2022","07","26","Al_ug_mL",0.03,NA,"July","July-26-2022","non-acidic tundra-Dry"
"314","non-acidic tundra","Dry",10,"2022","07","26","Ca_ug_mL",13.2,NA,"July","July-26-2022","non-acidic tundra-Dry"
"315","non-acidic tundra","Dry",10,"2022","07","26","Fe_ug_mL",0.02,NA,"July","July-26-2022","non-acidic tundra-Dry"
"316","non-acidic tundra","Dry",10,"2022","07","26","K_ug_mL",0.03,NA,"July","July-26-2022","non-acidic tundra-Dry"
"317","non-acidic tundra","Dry",10,"2022","07","26","Mg_ug_mL",1.83,NA,"July","July-26-2022","non-acidic tundra-Dry"
"318","non-acidic tundra","Dry",10,"2022","07","26","Mn_ug_mL",0.003,NA,"July","July-26-2022","non-acidic tundra-Dry"
"319","non-acidic tundra","Dry",10,"2022","07","26","Na_ug_mL",0.28,NA,"July","July-26-2022","non-acidic tundra-Dry"
"320","non-acidic tundra","Dry",10,"2022","07","26","P_ug_mL",0.01,NA,"July","July-26-2022","non-acidic tundra-Dry"
"321","non-acidic tundra","Dry",10,"2022","08","07","Al_ug_mL",0.03,0,"August","August-07-2022","non-acidic tundra-Dry"
"322","non-acidic tundra","Dry",10,"2022","08","07","Ca_ug_mL",12,2.546,"August","August-07-2022","non-acidic tundra-Dry"
"323","non-acidic tundra","Dry",10,"2022","08","07","Fe_ug_mL",0.02,0,"August","August-07-2022","non-acidic tundra-Dry"
"324","non-acidic tundra","Dry",10,"2022","08","07","K_ug_mL",0.045,0.007,"August","August-07-2022","non-acidic tundra-Dry"
"325","non-acidic tundra","Dry",10,"2022","08","07","Mg_ug_mL",1.545,0.389,"August","August-07-2022","non-acidic tundra-Dry"
"326","non-acidic tundra","Dry",10,"2022","08","07","Mn_ug_mL",0.003,0,"August","August-07-2022","non-acidic tundra-Dry"
"327","non-acidic tundra","Dry",10,"2022","08","07","Na_ug_mL",0.225,0.092,"August","August-07-2022","non-acidic tundra-Dry"
"328","non-acidic tundra","Dry",10,"2022","08","07","P_ug_mL",0.005,0,"August","August-07-2022","non-acidic tundra-Dry"
"329","non-acidic tundra","Dry",20,"2022","07","12","Al_ug_mL",0.07,NA,"July","July-12-2022","non-acidic tundra-Dry"
"330","non-acidic tundra","Dry",20,"2022","07","12","Ca_ug_mL",8.6,NA,"July","July-12-2022","non-acidic tundra-Dry"
"331","non-acidic tundra","Dry",20,"2022","07","12","Fe_ug_mL",0.04,NA,"July","July-12-2022","non-acidic tundra-Dry"
"332","non-acidic tundra","Dry",20,"2022","07","12","K_ug_mL",0.09,NA,"July","July-12-2022","non-acidic tundra-Dry"
"333","non-acidic tundra","Dry",20,"2022","07","12","Mg_ug_mL",1,NA,"July","July-12-2022","non-acidic tundra-Dry"
"334","non-acidic tundra","Dry",20,"2022","07","12","Mn_ug_mL",0.03,NA,"July","July-12-2022","non-acidic tundra-Dry"
"335","non-acidic tundra","Dry",20,"2022","07","12","Na_ug_mL",0.15,NA,"July","July-12-2022","non-acidic tundra-Dry"
"336","non-acidic tundra","Dry",20,"2022","07","12","P_ug_mL",0.01,NA,"July","July-12-2022","non-acidic tundra-Dry"
"337","non-acidic tundra","Dry",20,"2022","07","19","Al_ug_mL",0.145,0.035,"July","July-19-2022","non-acidic tundra-Dry"
"338","non-acidic tundra","Dry",20,"2022","07","19","Ca_ug_mL",10.47,2.588,"July","July-19-2022","non-acidic tundra-Dry"
"339","non-acidic tundra","Dry",20,"2022","07","19","Fe_ug_mL",0.075,0.021,"July","July-19-2022","non-acidic tundra-Dry"
"340","non-acidic tundra","Dry",20,"2022","07","19","K_ug_mL",0.24,0.057,"July","July-19-2022","non-acidic tundra-Dry"
"341","non-acidic tundra","Dry",20,"2022","07","19","Mg_ug_mL",1.365,0.46,"July","July-19-2022","non-acidic tundra-Dry"
"342","non-acidic tundra","Dry",20,"2022","07","19","Mn_ug_mL",0.06,0.071,"July","July-19-2022","non-acidic tundra-Dry"
"343","non-acidic tundra","Dry",20,"2022","07","19","Na_ug_mL",0.365,0.205,"July","July-19-2022","non-acidic tundra-Dry"
"344","non-acidic tundra","Dry",20,"2022","07","19","P_ug_mL",0.007,0.004,"July","July-19-2022","non-acidic tundra-Dry"
"345","non-acidic tundra","Dry",20,"2022","07","26","Al_ug_mL",0.155,0.12,"July","July-26-2022","non-acidic tundra-Dry"
"346","non-acidic tundra","Dry",20,"2022","07","26","Ca_ug_mL",11.675,3.995,"July","July-26-2022","non-acidic tundra-Dry"
"347","non-acidic tundra","Dry",20,"2022","07","26","Fe_ug_mL",0.085,0.049,"July","July-26-2022","non-acidic tundra-Dry"
"348","non-acidic tundra","Dry",20,"2022","07","26","K_ug_mL",0.145,0.177,"July","July-26-2022","non-acidic tundra-Dry"
"349","non-acidic tundra","Dry",20,"2022","07","26","Mg_ug_mL",1.585,0.728,"July","July-26-2022","non-acidic tundra-Dry"
"350","non-acidic tundra","Dry",20,"2022","07","26","Mn_ug_mL",0.116,0.161,"July","July-26-2022","non-acidic tundra-Dry"
"351","non-acidic tundra","Dry",20,"2022","07","26","Na_ug_mL",0.325,0.262,"July","July-26-2022","non-acidic tundra-Dry"
"352","non-acidic tundra","Dry",20,"2022","07","26","P_ug_mL",0.007,0.004,"July","July-26-2022","non-acidic tundra-Dry"
"353","non-acidic tundra","Dry",20,"2022","08","07","Al_ug_mL",0.06,0,"August","August-07-2022","non-acidic tundra-Dry"
"354","non-acidic tundra","Dry",20,"2022","08","07","Ca_ug_mL",11.525,2.652,"August","August-07-2022","non-acidic tundra-Dry"
"355","non-acidic tundra","Dry",20,"2022","08","07","Fe_ug_mL",0.05,0.014,"August","August-07-2022","non-acidic tundra-Dry"
"356","non-acidic tundra","Dry",20,"2022","08","07","K_ug_mL",0.11,0.042,"August","August-07-2022","non-acidic tundra-Dry"
"357","non-acidic tundra","Dry",20,"2022","08","07","Mg_ug_mL",1.495,0.559,"August","August-07-2022","non-acidic tundra-Dry"
"358","non-acidic tundra","Dry",20,"2022","08","07","Mn_ug_mL",0.05,0.057,"August","August-07-2022","non-acidic tundra-Dry"
"359","non-acidic tundra","Dry",20,"2022","08","07","Na_ug_mL",0.27,0.156,"August","August-07-2022","non-acidic tundra-Dry"
"360","non-acidic tundra","Dry",20,"2022","08","07","P_ug_mL",0.007,0.004,"August","August-07-2022","non-acidic tundra-Dry"
"361","non-acidic tundra","Hydric",0,"2022","06","29","Al_ug_mL",0.247,0.221,"June","June-29-2022","non-acidic tundra-Hydric"
"362","non-acidic tundra","Hydric",0,"2022","06","29","Ca_ug_mL",20.137,10.846,"June","June-29-2022","non-acidic tundra-Hydric"
"363","non-acidic tundra","Hydric",0,"2022","06","29","Fe_ug_mL",1.17,1.62,"June","June-29-2022","non-acidic tundra-Hydric"
"364","non-acidic tundra","Hydric",0,"2022","06","29","K_ug_mL",0.61,0.426,"June","June-29-2022","non-acidic tundra-Hydric"
"365","non-acidic tundra","Hydric",0,"2022","06","29","Mg_ug_mL",2.567,1.371,"June","June-29-2022","non-acidic tundra-Hydric"
"366","non-acidic tundra","Hydric",0,"2022","06","29","Mn_ug_mL",0.133,0.129,"June","June-29-2022","non-acidic tundra-Hydric"
"367","non-acidic tundra","Hydric",0,"2022","06","29","Na_ug_mL",0.583,0.157,"June","June-29-2022","non-acidic tundra-Hydric"
"368","non-acidic tundra","Hydric",0,"2022","06","29","P_ug_mL",0.008,0.003,"June","June-29-2022","non-acidic tundra-Hydric"
"369","non-acidic tundra","Hydric",0,"2022","07","07","Al_ug_mL",0.027,0.021,"July","July-07-2022","non-acidic tundra-Hydric"
"370","non-acidic tundra","Hydric",0,"2022","07","07","Ca_ug_mL",24.7,10.333,"July","July-07-2022","non-acidic tundra-Hydric"
"371","non-acidic tundra","Hydric",0,"2022","07","07","Fe_ug_mL",1.663,0.744,"July","July-07-2022","non-acidic tundra-Hydric"
"372","non-acidic tundra","Hydric",0,"2022","07","07","K_ug_mL",0.217,0.148,"July","July-07-2022","non-acidic tundra-Hydric"
"373","non-acidic tundra","Hydric",0,"2022","07","07","Mg_ug_mL",3.04,1.412,"July","July-07-2022","non-acidic tundra-Hydric"
"374","non-acidic tundra","Hydric",0,"2022","07","07","Mn_ug_mL",0.27,0.303,"July","July-07-2022","non-acidic tundra-Hydric"
"375","non-acidic tundra","Hydric",0,"2022","07","07","Na_ug_mL",0.41,0.164,"July","July-07-2022","non-acidic tundra-Hydric"
"376","non-acidic tundra","Hydric",0,"2022","07","07","P_ug_mL",0.005,0,"July","July-07-2022","non-acidic tundra-Hydric"
"377","non-acidic tundra","Hydric",0,"2022","07","12","Al_ug_mL",0.39,0.632,"July","July-12-2022","non-acidic tundra-Hydric"
"378","non-acidic tundra","Hydric",0,"2022","07","12","Ca_ug_mL",24.733,11.701,"July","July-12-2022","non-acidic tundra-Hydric"
"379","non-acidic tundra","Hydric",0,"2022","07","12","Fe_ug_mL",1.303,1.779,"July","July-12-2022","non-acidic tundra-Hydric"
"380","non-acidic tundra","Hydric",0,"2022","07","12","K_ug_mL",0.657,0.973,"July","July-12-2022","non-acidic tundra-Hydric"
"381","non-acidic tundra","Hydric",0,"2022","07","12","Mg_ug_mL",3.31,1.525,"July","July-12-2022","non-acidic tundra-Hydric"
"382","non-acidic tundra","Hydric",0,"2022","07","12","Mn_ug_mL",0.11,0.096,"July","July-12-2022","non-acidic tundra-Hydric"
"383","non-acidic tundra","Hydric",0,"2022","07","12","Na_ug_mL",0.647,0.496,"July","July-12-2022","non-acidic tundra-Hydric"
"384","non-acidic tundra","Hydric",0,"2022","07","12","P_ug_mL",0.01,0.009,"July","July-12-2022","non-acidic tundra-Hydric"
"385","non-acidic tundra","Hydric",0,"2022","07","19","Al_ug_mL",0.02,0.01,"July","July-19-2022","non-acidic tundra-Hydric"
"386","non-acidic tundra","Hydric",0,"2022","07","19","Ca_ug_mL",22.267,9.865,"July","July-19-2022","non-acidic tundra-Hydric"
"387","non-acidic tundra","Hydric",0,"2022","07","19","Fe_ug_mL",0.827,1.131,"July","July-19-2022","non-acidic tundra-Hydric"
"388","non-acidic tundra","Hydric",0,"2022","07","19","K_ug_mL",0.117,0.083,"July","July-19-2022","non-acidic tundra-Hydric"
"389","non-acidic tundra","Hydric",0,"2022","07","19","Mg_ug_mL",3.083,1.371,"July","July-19-2022","non-acidic tundra-Hydric"
"390","non-acidic tundra","Hydric",0,"2022","07","19","Mn_ug_mL",0.05,0.04,"July","July-19-2022","non-acidic tundra-Hydric"
"391","non-acidic tundra","Hydric",0,"2022","07","19","Na_ug_mL",0.41,0.195,"July","July-19-2022","non-acidic tundra-Hydric"
"392","non-acidic tundra","Hydric",0,"2022","07","19","P_ug_mL",0.005,0,"July","July-19-2022","non-acidic tundra-Hydric"
"393","non-acidic tundra","Hydric",0,"2022","07","26","Al_ug_mL",0.138,0.21,"July","July-26-2022","non-acidic tundra-Hydric"
"394","non-acidic tundra","Hydric",0,"2022","07","26","Ca_ug_mL",27.533,11.082,"July","July-26-2022","non-acidic tundra-Hydric"
"395","non-acidic tundra","Hydric",0,"2022","07","26","Fe_ug_mL",0.103,0.065,"July","July-26-2022","non-acidic tundra-Hydric"
"396","non-acidic tundra","Hydric",0,"2022","07","26","K_ug_mL",0.17,0.137,"July","July-26-2022","non-acidic tundra-Hydric"
"397","non-acidic tundra","Hydric",0,"2022","07","26","Mg_ug_mL",3.65,1.416,"July","July-26-2022","non-acidic tundra-Hydric"
"398","non-acidic tundra","Hydric",0,"2022","07","26","Mn_ug_mL",0.047,0.023,"July","July-26-2022","non-acidic tundra-Hydric"
"399","non-acidic tundra","Hydric",0,"2022","07","26","Na_ug_mL",0.423,0.16,"July","July-26-2022","non-acidic tundra-Hydric"
"400","non-acidic tundra","Hydric",0,"2022","07","26","P_ug_mL",0.005,0,"July","July-26-2022","non-acidic tundra-Hydric"
"401","non-acidic tundra","Hydric",0,"2022","08","07","Al_ug_mL",0.013,0.006,"August","August-07-2022","non-acidic tundra-Hydric"
"402","non-acidic tundra","Hydric",0,"2022","08","07","Ca_ug_mL",29.367,12.227,"August","August-07-2022","non-acidic tundra-Hydric"
"403","non-acidic tundra","Hydric",0,"2022","08","07","Fe_ug_mL",0.21,0.312,"August","August-07-2022","non-acidic tundra-Hydric"
"404","non-acidic tundra","Hydric",0,"2022","08","07","K_ug_mL",0.223,0.153,"August","August-07-2022","non-acidic tundra-Hydric"
"405","non-acidic tundra","Hydric",0,"2022","08","07","Mg_ug_mL",3.743,1.81,"August","August-07-2022","non-acidic tundra-Hydric"
"406","non-acidic tundra","Hydric",0,"2022","08","07","Mn_ug_mL",0.054,0.083,"August","August-07-2022","non-acidic tundra-Hydric"
"407","non-acidic tundra","Hydric",0,"2022","08","07","Na_ug_mL",0.45,0.167,"August","August-07-2022","non-acidic tundra-Hydric"
"408","non-acidic tundra","Hydric",0,"2022","08","07","P_ug_mL",0.005,0,"August","August-07-2022","non-acidic tundra-Hydric"
"409","non-acidic tundra","Hydric",0,"2022","09","23","Al_ug_mL",0.1,NA,"September","September-23-2022","non-acidic tundra-Hydric"
"410","non-acidic tundra","Hydric",0,"2022","09","23","Ca_ug_mL",16.9,NA,"September","September-23-2022","non-acidic tundra-Hydric"
"411","non-acidic tundra","Hydric",0,"2022","09","23","Fe_ug_mL",0.7,NA,"September","September-23-2022","non-acidic tundra-Hydric"
"412","non-acidic tundra","Hydric",0,"2022","09","23","K_ug_mL",0.2,NA,"September","September-23-2022","non-acidic tundra-Hydric"
"413","non-acidic tundra","Hydric",0,"2022","09","23","Mg_ug_mL",2.2,NA,"September","September-23-2022","non-acidic tundra-Hydric"
"414","non-acidic tundra","Hydric",0,"2022","09","23","Mn_ug_mL",0.2,NA,"September","September-23-2022","non-acidic tundra-Hydric"
"415","non-acidic tundra","Hydric",0,"2022","09","23","Na_ug_mL",0.4,NA,"September","September-23-2022","non-acidic tundra-Hydric"
"416","non-acidic tundra","Hydric",0,"2022","09","23","P_ug_mL",0.05,NA,"September","September-23-2022","non-acidic tundra-Hydric"
"417","non-acidic tundra","Hydric",10,"2022","06","29","Al_ug_mL",0.087,0.133,"June","June-29-2022","non-acidic tundra-Hydric"
"418","non-acidic tundra","Hydric",10,"2022","06","29","Ca_ug_mL",26.667,11.42,"June","June-29-2022","non-acidic tundra-Hydric"
"419","non-acidic tundra","Hydric",10,"2022","06","29","Fe_ug_mL",0.857,0.967,"June","June-29-2022","non-acidic tundra-Hydric"
"420","non-acidic tundra","Hydric",10,"2022","06","29","K_ug_mL",0.19,0.227,"June","June-29-2022","non-acidic tundra-Hydric"
"421","non-acidic tundra","Hydric",10,"2022","06","29","Mg_ug_mL",3.333,1.583,"June","June-29-2022","non-acidic tundra-Hydric"
"422","non-acidic tundra","Hydric",10,"2022","06","29","Mn_ug_mL",0.177,0.146,"June","June-29-2022","non-acidic tundra-Hydric"
"423","non-acidic tundra","Hydric",10,"2022","06","29","Na_ug_mL",0.36,0.193,"June","June-29-2022","non-acidic tundra-Hydric"
"424","non-acidic tundra","Hydric",10,"2022","06","29","P_ug_mL",0.007,0.003,"June","June-29-2022","non-acidic tundra-Hydric"
"425","non-acidic tundra","Hydric",10,"2022","07","07","Al_ug_mL",0.02,0.017,"July","July-07-2022","non-acidic tundra-Hydric"
"426","non-acidic tundra","Hydric",10,"2022","07","07","Ca_ug_mL",30.033,10.78,"July","July-07-2022","non-acidic tundra-Hydric"
"427","non-acidic tundra","Hydric",10,"2022","07","07","Fe_ug_mL",0.877,1.026,"July","July-07-2022","non-acidic tundra-Hydric"
"428","non-acidic tundra","Hydric",10,"2022","07","07","K_ug_mL",0.097,0.012,"July","July-07-2022","non-acidic tundra-Hydric"
"429","non-acidic tundra","Hydric",10,"2022","07","07","Mg_ug_mL",3.633,1.489,"July","July-07-2022","non-acidic tundra-Hydric"
"430","non-acidic tundra","Hydric",10,"2022","07","07","Mn_ug_mL",0.12,0.062,"July","July-07-2022","non-acidic tundra-Hydric"
"431","non-acidic tundra","Hydric",10,"2022","07","07","Na_ug_mL",0.31,0.04,"July","July-07-2022","non-acidic tundra-Hydric"
"432","non-acidic tundra","Hydric",10,"2022","07","07","P_ug_mL",0.005,0,"July","July-07-2022","non-acidic tundra-Hydric"
"433","non-acidic tundra","Hydric",10,"2022","07","12","Al_ug_mL",0.01,0,"July","July-12-2022","non-acidic tundra-Hydric"
"434","non-acidic tundra","Hydric",10,"2022","07","12","Ca_ug_mL",32.767,11.066,"July","July-12-2022","non-acidic tundra-Hydric"
"435","non-acidic tundra","Hydric",10,"2022","07","12","Fe_ug_mL",0.743,0.775,"July","July-12-2022","non-acidic tundra-Hydric"
"436","non-acidic tundra","Hydric",10,"2022","07","12","K_ug_mL",0.077,0.038,"July","July-12-2022","non-acidic tundra-Hydric"
"437","non-acidic tundra","Hydric",10,"2022","07","12","Mg_ug_mL",4.19,1.686,"July","July-12-2022","non-acidic tundra-Hydric"
"438","non-acidic tundra","Hydric",10,"2022","07","12","Mn_ug_mL",0.153,0.072,"July","July-12-2022","non-acidic tundra-Hydric"
"439","non-acidic tundra","Hydric",10,"2022","07","12","Na_ug_mL",0.323,0.064,"July","July-12-2022","non-acidic tundra-Hydric"
"440","non-acidic tundra","Hydric",10,"2022","07","12","P_ug_mL",0.005,0,"July","July-12-2022","non-acidic tundra-Hydric"
"441","non-acidic tundra","Hydric",10,"2022","07","19","Al_ug_mL",0.093,0.104,"July","July-19-2022","non-acidic tundra-Hydric"
"442","non-acidic tundra","Hydric",10,"2022","07","19","Ca_ug_mL",29.433,9.474,"July","July-19-2022","non-acidic tundra-Hydric"
"443","non-acidic tundra","Hydric",10,"2022","07","19","Fe_ug_mL",0.697,0.874,"July","July-19-2022","non-acidic tundra-Hydric"
"444","non-acidic tundra","Hydric",10,"2022","07","19","K_ug_mL",0.16,0.11,"July","July-19-2022","non-acidic tundra-Hydric"
"445","non-acidic tundra","Hydric",10,"2022","07","19","Mg_ug_mL",3.847,1.428,"July","July-19-2022","non-acidic tundra-Hydric"
"446","non-acidic tundra","Hydric",10,"2022","07","19","Mn_ug_mL",0.073,0.085,"July","July-19-2022","non-acidic tundra-Hydric"
"447","non-acidic tundra","Hydric",10,"2022","07","19","Na_ug_mL",0.36,0.035,"July","July-19-2022","non-acidic tundra-Hydric"
"448","non-acidic tundra","Hydric",10,"2022","07","19","P_ug_mL",0.005,0,"July","July-19-2022","non-acidic tundra-Hydric"
"449","non-acidic tundra","Hydric",10,"2022","07","26","Al_ug_mL",0.047,0.064,"July","July-26-2022","non-acidic tundra-Hydric"
"450","non-acidic tundra","Hydric",10,"2022","07","26","Ca_ug_mL",28.633,7.087,"July","July-26-2022","non-acidic tundra-Hydric"
"451","non-acidic tundra","Hydric",10,"2022","07","26","Fe_ug_mL",0.64,0.8,"July","July-26-2022","non-acidic tundra-Hydric"
"452","non-acidic tundra","Hydric",10,"2022","07","26","K_ug_mL",0.133,0.068,"July","July-26-2022","non-acidic tundra-Hydric"
"453","non-acidic tundra","Hydric",10,"2022","07","26","Mg_ug_mL",3.463,1.024,"July","July-26-2022","non-acidic tundra-Hydric"
"454","non-acidic tundra","Hydric",10,"2022","07","26","Mn_ug_mL",0.058,0.073,"July","July-26-2022","non-acidic tundra-Hydric"
"455","non-acidic tundra","Hydric",10,"2022","07","26","Na_ug_mL",0.38,0,"July","July-26-2022","non-acidic tundra-Hydric"
"456","non-acidic tundra","Hydric",10,"2022","07","26","P_ug_mL",0.005,0,"July","July-26-2022","non-acidic tundra-Hydric"
"457","non-acidic tundra","Hydric",10,"2022","08","07","Al_ug_mL",0.013,0.006,"August","August-07-2022","non-acidic tundra-Hydric"
"458","non-acidic tundra","Hydric",10,"2022","08","07","Ca_ug_mL",31.433,8.444,"August","August-07-2022","non-acidic tundra-Hydric"
"459","non-acidic tundra","Hydric",10,"2022","08","07","Fe_ug_mL",0.687,0.849,"August","August-07-2022","non-acidic tundra-Hydric"
"460","non-acidic tundra","Hydric",10,"2022","08","07","K_ug_mL",0.13,0.075,"August","August-07-2022","non-acidic tundra-Hydric"
"461","non-acidic tundra","Hydric",10,"2022","08","07","Mg_ug_mL",3.817,1.232,"August","August-07-2022","non-acidic tundra-Hydric"
"462","non-acidic tundra","Hydric",10,"2022","08","07","Mn_ug_mL",0.058,0.073,"August","August-07-2022","non-acidic tundra-Hydric"
"463","non-acidic tundra","Hydric",10,"2022","08","07","Na_ug_mL",0.51,0.079,"August","August-07-2022","non-acidic tundra-Hydric"
"464","non-acidic tundra","Hydric",10,"2022","08","07","P_ug_mL",0.005,0,"August","August-07-2022","non-acidic tundra-Hydric"
"465","non-acidic tundra","Hydric",10,"2022","09","23","Al_ug_mL",485,NA,"September","September-23-2022","non-acidic tundra-Hydric"
"466","non-acidic tundra","Hydric",10,"2022","09","23","Ca_ug_mL",207,NA,"September","September-23-2022","non-acidic tundra-Hydric"
"467","non-acidic tundra","Hydric",10,"2022","09","23","Fe_ug_mL",3.5,NA,"September","September-23-2022","non-acidic tundra-Hydric"
"468","non-acidic tundra","Hydric",10,"2022","09","23","K_ug_mL",0.4,NA,"September","September-23-2022","non-acidic tundra-Hydric"
"469","non-acidic tundra","Hydric",10,"2022","09","23","Mg_ug_mL",5.6,NA,"September","September-23-2022","non-acidic tundra-Hydric"
"470","non-acidic tundra","Hydric",10,"2022","09","23","Mn_ug_mL",0.2,NA,"September","September-23-2022","non-acidic tundra-Hydric"
"471","non-acidic tundra","Hydric",10,"2022","09","23","Na_ug_mL",9.5,NA,"September","September-23-2022","non-acidic tundra-Hydric"
"472","non-acidic tundra","Hydric",10,"2022","09","23","P_ug_mL",0.05,NA,"September","September-23-2022","non-acidic tundra-Hydric"
"473","non-acidic tundra","Hydric",20,"2022","06","29","Al_ug_mL",0.037,0.025,"June","June-29-2022","non-acidic tundra-Hydric"
"474","non-acidic tundra","Hydric",20,"2022","06","29","Ca_ug_mL",25.3,13.391,"June","June-29-2022","non-acidic tundra-Hydric"
"475","non-acidic tundra","Hydric",20,"2022","06","29","Fe_ug_mL",0.99,0.765,"June","June-29-2022","non-acidic tundra-Hydric"
"476","non-acidic tundra","Hydric",20,"2022","06","29","K_ug_mL",0.2,0.075,"June","June-29-2022","non-acidic tundra-Hydric"
"477","non-acidic tundra","Hydric",20,"2022","06","29","Mg_ug_mL",3.323,2.019,"June","June-29-2022","non-acidic tundra-Hydric"
"478","non-acidic tundra","Hydric",20,"2022","06","29","Mn_ug_mL",0.163,0.127,"June","June-29-2022","non-acidic tundra-Hydric"
"479","non-acidic tundra","Hydric",20,"2022","06","29","Na_ug_mL",0.403,0.217,"June","June-29-2022","non-acidic tundra-Hydric"
"480","non-acidic tundra","Hydric",20,"2022","06","29","P_ug_mL",0.005,0,"June","June-29-2022","non-acidic tundra-Hydric"
"481","non-acidic tundra","Hydric",20,"2022","07","07","Al_ug_mL",0.05,0.061,"July","July-07-2022","non-acidic tundra-Hydric"
"482","non-acidic tundra","Hydric",20,"2022","07","07","Ca_ug_mL",28.333,11.361,"July","July-07-2022","non-acidic tundra-Hydric"
"483","non-acidic tundra","Hydric",20,"2022","07","07","Fe_ug_mL",1.217,0.8,"July","July-07-2022","non-acidic tundra-Hydric"
"484","non-acidic tundra","Hydric",20,"2022","07","07","K_ug_mL",0.13,0.139,"July","July-07-2022","non-acidic tundra-Hydric"
"485","non-acidic tundra","Hydric",20,"2022","07","07","Mg_ug_mL",3.62,1.763,"July","July-07-2022","non-acidic tundra-Hydric"
"486","non-acidic tundra","Hydric",20,"2022","07","07","Mn_ug_mL",0.12,0.061,"July","July-07-2022","non-acidic tundra-Hydric"
"487","non-acidic tundra","Hydric",20,"2022","07","07","Na_ug_mL",0.397,0.175,"July","July-07-2022","non-acidic tundra-Hydric"
"488","non-acidic tundra","Hydric",20,"2022","07","07","P_ug_mL",0.005,0,"July","July-07-2022","non-acidic tundra-Hydric"
"489","non-acidic tundra","Hydric",20,"2022","07","12","Al_ug_mL",0.933,0.887,"July","July-12-2022","non-acidic tundra-Hydric"
"490","non-acidic tundra","Hydric",20,"2022","07","12","Ca_ug_mL",29.833,9.794,"July","July-12-2022","non-acidic tundra-Hydric"
"491","non-acidic tundra","Hydric",20,"2022","07","12","Fe_ug_mL",1.133,0.401,"July","July-12-2022","non-acidic tundra-Hydric"
"492","non-acidic tundra","Hydric",20,"2022","07","12","K_ug_mL",1.257,1.215,"July","July-12-2022","non-acidic tundra-Hydric"
"493","non-acidic tundra","Hydric",20,"2022","07","12","Mg_ug_mL",3.967,1.701,"July","July-12-2022","non-acidic tundra-Hydric"
"494","non-acidic tundra","Hydric",20,"2022","07","12","Mn_ug_mL",0.173,0.049,"July","July-12-2022","non-acidic tundra-Hydric"
"495","non-acidic tundra","Hydric",20,"2022","07","12","Na_ug_mL",0.947,0.403,"July","July-12-2022","non-acidic tundra-Hydric"
"496","non-acidic tundra","Hydric",20,"2022","07","12","P_ug_mL",0.015,0.013,"July","July-12-2022","non-acidic tundra-Hydric"
"497","non-acidic tundra","Hydric",20,"2022","07","19","Al_ug_mL",0.033,0.04,"July","July-19-2022","non-acidic tundra-Hydric"
"498","non-acidic tundra","Hydric",20,"2022","07","19","Ca_ug_mL",29.933,10.584,"July","July-19-2022","non-acidic tundra-Hydric"
"499","non-acidic tundra","Hydric",20,"2022","07","19","Fe_ug_mL",1.2,0.632,"July","July-19-2022","non-acidic tundra-Hydric"
"500","non-acidic tundra","Hydric",20,"2022","07","19","K_ug_mL",0.107,0.09,"July","July-19-2022","non-acidic tundra-Hydric"
"501","non-acidic tundra","Hydric",20,"2022","07","19","Mg_ug_mL",4.073,1.766,"July","July-19-2022","non-acidic tundra-Hydric"
"502","non-acidic tundra","Hydric",20,"2022","07","19","Mn_ug_mL",0.087,0.042,"July","July-19-2022","non-acidic tundra-Hydric"
"503","non-acidic tundra","Hydric",20,"2022","07","19","Na_ug_mL",0.403,0.166,"July","July-19-2022","non-acidic tundra-Hydric"
"504","non-acidic tundra","Hydric",20,"2022","07","19","P_ug_mL",0.005,0,"July","July-19-2022","non-acidic tundra-Hydric"
"505","non-acidic tundra","Hydric",20,"2022","07","26","Al_ug_mL",0.013,0.006,"July","July-26-2022","non-acidic tundra-Hydric"
"506","non-acidic tundra","Hydric",20,"2022","07","26","Ca_ug_mL",28.567,8.967,"July","July-26-2022","non-acidic tundra-Hydric"
"507","non-acidic tundra","Hydric",20,"2022","07","26","Fe_ug_mL",0.943,0.438,"July","July-26-2022","non-acidic tundra-Hydric"
"508","non-acidic tundra","Hydric",20,"2022","07","26","K_ug_mL",0.063,0.025,"July","July-26-2022","non-acidic tundra-Hydric"
"509","non-acidic tundra","Hydric",20,"2022","07","26","Mg_ug_mL",3.577,1.383,"July","July-26-2022","non-acidic tundra-Hydric"
"510","non-acidic tundra","Hydric",20,"2022","07","26","Mn_ug_mL",0.073,0.031,"July","July-26-2022","non-acidic tundra-Hydric"
"511","non-acidic tundra","Hydric",20,"2022","07","26","Na_ug_mL",0.397,0.144,"July","July-26-2022","non-acidic tundra-Hydric"
"512","non-acidic tundra","Hydric",20,"2022","07","26","P_ug_mL",0.005,0,"July","July-26-2022","non-acidic tundra-Hydric"
"513","non-acidic tundra","Hydric",20,"2022","08","07","Al_ug_mL",0.01,0,"August","August-07-2022","non-acidic tundra-Hydric"
"514","non-acidic tundra","Hydric",20,"2022","08","07","Ca_ug_mL",31.9,10.573,"August","August-07-2022","non-acidic tundra-Hydric"
"515","non-acidic tundra","Hydric",20,"2022","08","07","Fe_ug_mL",1.103,0.384,"August","August-07-2022","non-acidic tundra-Hydric"
"516","non-acidic tundra","Hydric",20,"2022","08","07","K_ug_mL",0.063,0.049,"August","August-07-2022","non-acidic tundra-Hydric"
"517","non-acidic tundra","Hydric",20,"2022","08","07","Mg_ug_mL",4.09,1.683,"August","August-07-2022","non-acidic tundra-Hydric"
"518","non-acidic tundra","Hydric",20,"2022","08","07","Mn_ug_mL",0.087,0.032,"August","August-07-2022","non-acidic tundra-Hydric"
"519","non-acidic tundra","Hydric",20,"2022","08","07","Na_ug_mL",0.48,0.115,"August","August-07-2022","non-acidic tundra-Hydric"
"520","non-acidic tundra","Hydric",20,"2022","08","07","P_ug_mL",0.005,0,"August","August-07-2022","non-acidic tundra-Hydric"
"521","non-acidic tundra","Hydric",20,"2022","09","23","Al_ug_mL",139,NA,"September","September-23-2022","non-acidic tundra-Hydric"
"522","non-acidic tundra","Hydric",20,"2022","09","23","Ca_ug_mL",363,NA,"September","September-23-2022","non-acidic tundra-Hydric"
"523","non-acidic tundra","Hydric",20,"2022","09","23","Fe_ug_mL",3,NA,"September","September-23-2022","non-acidic tundra-Hydric"
"524","non-acidic tundra","Hydric",20,"2022","09","23","K_ug_mL",0.3,NA,"September","September-23-2022","non-acidic tundra-Hydric"
"525","non-acidic tundra","Hydric",20,"2022","09","23","Mg_ug_mL",6.6,NA,"September","September-23-2022","non-acidic tundra-Hydric"
"526","non-acidic tundra","Hydric",20,"2022","09","23","Mn_ug_mL",0.3,NA,"September","September-23-2022","non-acidic tundra-Hydric"
"527","non-acidic tundra","Hydric",20,"2022","09","23","Na_ug_mL",7.7,NA,"September","September-23-2022","non-acidic tundra-Hydric"
"528","non-acidic tundra","Hydric",20,"2022","09","23","P_ug_mL",0.1,NA,"September","September-23-2022","non-acidic tundra-Hydric"
"529","non-acidic tundra","Hydric",40,"2022","07","12","Al_ug_mL",0.74,NA,"July","July-12-2022","non-acidic tundra-Hydric"
"530","non-acidic tundra","Hydric",40,"2022","07","12","Ca_ug_mL",40,NA,"July","July-12-2022","non-acidic tundra-Hydric"
"531","non-acidic tundra","Hydric",40,"2022","07","12","Fe_ug_mL",5.35,NA,"July","July-12-2022","non-acidic tundra-Hydric"
"532","non-acidic tundra","Hydric",40,"2022","07","12","K_ug_mL",1.33,NA,"July","July-12-2022","non-acidic tundra-Hydric"
"533","non-acidic tundra","Hydric",40,"2022","07","12","Mg_ug_mL",3.95,NA,"July","July-12-2022","non-acidic tundra-Hydric"
"534","non-acidic tundra","Hydric",40,"2022","07","12","Mn_ug_mL",1.47,NA,"July","July-12-2022","non-acidic tundra-Hydric"
"535","non-acidic tundra","Hydric",40,"2022","07","12","Na_ug_mL",1.11,NA,"July","July-12-2022","non-acidic tundra-Hydric"
"536","non-acidic tundra","Hydric",40,"2022","07","12","P_ug_mL",0.02,NA,"July","July-12-2022","non-acidic tundra-Hydric"
"537","non-acidic tundra","Hydric",40,"2022","07","19","Al_ug_mL",0.02,0.014,"July","July-19-2022","non-acidic tundra-Hydric"
"538","non-acidic tundra","Hydric",40,"2022","07","19","Ca_ug_mL",32.7,14.991,"July","July-19-2022","non-acidic tundra-Hydric"
"539","non-acidic tundra","Hydric",40,"2022","07","19","Fe_ug_mL",3.465,1.039,"July","July-19-2022","non-acidic tundra-Hydric"
"540","non-acidic tundra","Hydric",40,"2022","07","19","K_ug_mL",0.2,0.141,"July","July-19-2022","non-acidic tundra-Hydric"
"541","non-acidic tundra","Hydric",40,"2022","07","19","Mg_ug_mL",3.36,1.131,"July","July-19-2022","non-acidic tundra-Hydric"
"542","non-acidic tundra","Hydric",40,"2022","07","19","Mn_ug_mL",1.15,0.905,"July","July-19-2022","non-acidic tundra-Hydric"
"543","non-acidic tundra","Hydric",40,"2022","07","19","Na_ug_mL",0.585,0.035,"July","July-19-2022","non-acidic tundra-Hydric"
"544","non-acidic tundra","Hydric",40,"2022","07","19","P_ug_mL",0.007,0.004,"July","July-19-2022","non-acidic tundra-Hydric"
"545","non-acidic tundra","Hydric",40,"2022","07","26","Al_ug_mL",0.02,0.017,"July","July-26-2022","non-acidic tundra-Hydric"
"546","non-acidic tundra","Hydric",40,"2022","07","26","Ca_ug_mL",37.433,16.293,"July","July-26-2022","non-acidic tundra-Hydric"
"547","non-acidic tundra","Hydric",40,"2022","07","26","Fe_ug_mL",3.597,1.41,"July","July-26-2022","non-acidic tundra-Hydric"
"548","non-acidic tundra","Hydric",40,"2022","07","26","K_ug_mL",0.22,0.229,"July","July-26-2022","non-acidic tundra-Hydric"
"549","non-acidic tundra","Hydric",40,"2022","07","26","Mg_ug_mL",3.953,1.965,"July","July-26-2022","non-acidic tundra-Hydric"
"550","non-acidic tundra","Hydric",40,"2022","07","26","Mn_ug_mL",0.993,0.647,"July","July-26-2022","non-acidic tundra-Hydric"
"551","non-acidic tundra","Hydric",40,"2022","07","26","Na_ug_mL",0.6,0.21,"July","July-26-2022","non-acidic tundra-Hydric"
"552","non-acidic tundra","Hydric",40,"2022","07","26","P_ug_mL",0.007,0.003,"July","July-26-2022","non-acidic tundra-Hydric"
"553","non-acidic tundra","Hydric",40,"2022","08","07","Al_ug_mL",0.023,0.006,"August","August-07-2022","non-acidic tundra-Hydric"
"554","non-acidic tundra","Hydric",40,"2022","08","07","Ca_ug_mL",36.267,18.597,"August","August-07-2022","non-acidic tundra-Hydric"
"555","non-acidic tundra","Hydric",40,"2022","08","07","Fe_ug_mL",5.223,1.988,"August","August-07-2022","non-acidic tundra-Hydric"
"556","non-acidic tundra","Hydric",40,"2022","08","07","K_ug_mL",0.077,0.021,"August","August-07-2022","non-acidic tundra-Hydric"
"557","non-acidic tundra","Hydric",40,"2022","08","07","Mg_ug_mL",3.797,2.11,"August","August-07-2022","non-acidic tundra-Hydric"
"558","non-acidic tundra","Hydric",40,"2022","08","07","Mn_ug_mL",0.85,0.615,"August","August-07-2022","non-acidic tundra-Hydric"
"559","non-acidic tundra","Hydric",40,"2022","08","07","Na_ug_mL",0.52,0.161,"August","August-07-2022","non-acidic tundra-Hydric"
"560","non-acidic tundra","Hydric",40,"2022","08","07","P_ug_mL",0.005,0,"August","August-07-2022","non-acidic tundra-Hydric"
"561","non-acidic tundra","Hydric",40,"2022","09","23","Al_ug_mL",203.6,287.651,"September","September-23-2022","non-acidic tundra-Hydric"
"562","non-acidic tundra","Hydric",40,"2022","09","23","Ca_ug_mL",58.45,32.88,"September","September-23-2022","non-acidic tundra-Hydric"
"563","non-acidic tundra","Hydric",40,"2022","09","23","Fe_ug_mL",5.85,0.919,"September","September-23-2022","non-acidic tundra-Hydric"
"564","non-acidic tundra","Hydric",40,"2022","09","23","K_ug_mL",0.15,0.071,"September","September-23-2022","non-acidic tundra-Hydric"
"565","non-acidic tundra","Hydric",40,"2022","09","23","Mg_ug_mL",3.4,0.283,"September","September-23-2022","non-acidic tundra-Hydric"
"566","non-acidic tundra","Hydric",40,"2022","09","23","Mn_ug_mL",0.8,0.283,"September","September-23-2022","non-acidic tundra-Hydric"
"567","non-acidic tundra","Hydric",40,"2022","09","23","Na_ug_mL",3.65,4.455,"September","September-23-2022","non-acidic tundra-Hydric"
"568","non-acidic tundra","Hydric",40,"2022","09","23","P_ug_mL",0.05,0,"September","September-23-2022","non-acidic tundra-Hydric"
"569","non-acidic tundra","Mesic",0,"2022","06","29","Al_ug_mL",0.04,0,"June","June-29-2022","non-acidic tundra-Mesic"
"570","non-acidic tundra","Mesic",0,"2022","06","29","Ca_ug_mL",5.32,0.354,"June","June-29-2022","non-acidic tundra-Mesic"
"571","non-acidic tundra","Mesic",0,"2022","06","29","Fe_ug_mL",0.03,0.028,"June","June-29-2022","non-acidic tundra-Mesic"
"572","non-acidic tundra","Mesic",0,"2022","06","29","K_ug_mL",0.085,0.049,"June","June-29-2022","non-acidic tundra-Mesic"
"573","non-acidic tundra","Mesic",0,"2022","06","29","Mg_ug_mL",0.695,0.049,"June","June-29-2022","non-acidic tundra-Mesic"
"574","non-acidic tundra","Mesic",0,"2022","06","29","Mn_ug_mL",0.007,0.005,"June","June-29-2022","non-acidic tundra-Mesic"
"575","non-acidic tundra","Mesic",0,"2022","06","29","Na_ug_mL",0.135,0.007,"June","June-29-2022","non-acidic tundra-Mesic"
"576","non-acidic tundra","Mesic",0,"2022","06","29","P_ug_mL",0.005,0,"June","June-29-2022","non-acidic tundra-Mesic"
"577","non-acidic tundra","Mesic",0,"2022","07","07","Al_ug_mL",0.03,0,"July","July-07-2022","non-acidic tundra-Mesic"
"578","non-acidic tundra","Mesic",0,"2022","07","07","Ca_ug_mL",6.43,0.382,"July","July-07-2022","non-acidic tundra-Mesic"
"579","non-acidic tundra","Mesic",0,"2022","07","07","Fe_ug_mL",0.025,0.007,"July","July-07-2022","non-acidic tundra-Mesic"
"580","non-acidic tundra","Mesic",0,"2022","07","07","K_ug_mL",0.075,0.035,"July","July-07-2022","non-acidic tundra-Mesic"
"581","non-acidic tundra","Mesic",0,"2022","07","07","Mg_ug_mL",0.815,0.078,"July","July-07-2022","non-acidic tundra-Mesic"
"582","non-acidic tundra","Mesic",0,"2022","07","07","Mn_ug_mL",0.003,0,"July","July-07-2022","non-acidic tundra-Mesic"
"583","non-acidic tundra","Mesic",0,"2022","07","07","Na_ug_mL",0.145,0.021,"July","July-07-2022","non-acidic tundra-Mesic"
"584","non-acidic tundra","Mesic",0,"2022","07","07","P_ug_mL",0.005,0,"July","July-07-2022","non-acidic tundra-Mesic"
"585","non-acidic tundra","Mesic",0,"2022","07","12","Al_ug_mL",0.05,0,"July","July-12-2022","non-acidic tundra-Mesic"
"586","non-acidic tundra","Mesic",0,"2022","07","12","Ca_ug_mL",7.78,1.457,"July","July-12-2022","non-acidic tundra-Mesic"
"587","non-acidic tundra","Mesic",0,"2022","07","12","Fe_ug_mL",0.05,0.014,"July","July-12-2022","non-acidic tundra-Mesic"
"588","non-acidic tundra","Mesic",0,"2022","07","12","K_ug_mL",0.06,0.014,"July","July-12-2022","non-acidic tundra-Mesic"
"589","non-acidic tundra","Mesic",0,"2022","07","12","Mg_ug_mL",0.99,0.198,"July","July-12-2022","non-acidic tundra-Mesic"
"590","non-acidic tundra","Mesic",0,"2022","07","12","Mn_ug_mL",0.003,0,"July","July-12-2022","non-acidic tundra-Mesic"
"591","non-acidic tundra","Mesic",0,"2022","07","12","Na_ug_mL",0.195,0.021,"July","July-12-2022","non-acidic tundra-Mesic"
"592","non-acidic tundra","Mesic",0,"2022","07","12","P_ug_mL",0.005,0,"July","July-12-2022","non-acidic tundra-Mesic"
"593","non-acidic tundra","Mesic",0,"2022","07","19","Al_ug_mL",0.04,0,"July","July-19-2022","non-acidic tundra-Mesic"
"594","non-acidic tundra","Mesic",0,"2022","07","19","Ca_ug_mL",7.315,1.365,"July","July-19-2022","non-acidic tundra-Mesic"
"595","non-acidic tundra","Mesic",0,"2022","07","19","Fe_ug_mL",0.04,0.014,"July","July-19-2022","non-acidic tundra-Mesic"
"596","non-acidic tundra","Mesic",0,"2022","07","19","K_ug_mL",0.05,0.014,"July","July-19-2022","non-acidic tundra-Mesic"
"597","non-acidic tundra","Mesic",0,"2022","07","19","Mg_ug_mL",0.965,0.191,"July","July-19-2022","non-acidic tundra-Mesic"
"598","non-acidic tundra","Mesic",0,"2022","07","19","Mn_ug_mL",0.007,0.005,"July","July-19-2022","non-acidic tundra-Mesic"
"599","non-acidic tundra","Mesic",0,"2022","07","19","Na_ug_mL",0.155,0.021,"July","July-19-2022","non-acidic tundra-Mesic"
"600","non-acidic tundra","Mesic",0,"2022","07","19","P_ug_mL",0.005,0,"July","July-19-2022","non-acidic tundra-Mesic"
"601","non-acidic tundra","Mesic",0,"2022","07","26","Al_ug_mL",0.055,0.007,"July","July-26-2022","non-acidic tundra-Mesic"
"602","non-acidic tundra","Mesic",0,"2022","07","26","Ca_ug_mL",7.5,1.131,"July","July-26-2022","non-acidic tundra-Mesic"
"603","non-acidic tundra","Mesic",0,"2022","07","26","Fe_ug_mL",0.04,0.014,"July","July-26-2022","non-acidic tundra-Mesic"
"604","non-acidic tundra","Mesic",0,"2022","07","26","K_ug_mL",0.075,0.021,"July","July-26-2022","non-acidic tundra-Mesic"
"605","non-acidic tundra","Mesic",0,"2022","07","26","Mg_ug_mL",0.97,0.085,"July","July-26-2022","non-acidic tundra-Mesic"
"606","non-acidic tundra","Mesic",0,"2022","07","26","Mn_ug_mL",0.003,0,"July","July-26-2022","non-acidic tundra-Mesic"
"607","non-acidic tundra","Mesic",0,"2022","07","26","Na_ug_mL",0.165,0.021,"July","July-26-2022","non-acidic tundra-Mesic"
"608","non-acidic tundra","Mesic",0,"2022","07","26","P_ug_mL",0.007,0.004,"July","July-26-2022","non-acidic tundra-Mesic"
"609","non-acidic tundra","Mesic",0,"2022","08","07","Al_ug_mL",0.065,0.007,"August","August-07-2022","non-acidic tundra-Mesic"
"610","non-acidic tundra","Mesic",0,"2022","08","07","Ca_ug_mL",7.68,1.372,"August","August-07-2022","non-acidic tundra-Mesic"
"611","non-acidic tundra","Mesic",0,"2022","08","07","Fe_ug_mL",0.105,0.021,"August","August-07-2022","non-acidic tundra-Mesic"
"612","non-acidic tundra","Mesic",0,"2022","08","07","K_ug_mL",0.17,0.057,"August","August-07-2022","non-acidic tundra-Mesic"
"613","non-acidic tundra","Mesic",0,"2022","08","07","Mg_ug_mL",0.99,0.156,"August","August-07-2022","non-acidic tundra-Mesic"
"614","non-acidic tundra","Mesic",0,"2022","08","07","Mn_ug_mL",0.03,0.028,"August","August-07-2022","non-acidic tundra-Mesic"
"615","non-acidic tundra","Mesic",0,"2022","08","07","Na_ug_mL",0.17,0.028,"August","August-07-2022","non-acidic tundra-Mesic"
"616","non-acidic tundra","Mesic",0,"2022","08","07","P_ug_mL",0.01,0,"August","August-07-2022","non-acidic tundra-Mesic"
"617","non-acidic tundra","Mesic",10,"2022","06","29","Al_ug_mL",0.265,0.318,"June","June-29-2022","non-acidic tundra-Mesic"
"618","non-acidic tundra","Mesic",10,"2022","06","29","Ca_ug_mL",5.995,1.28,"June","June-29-2022","non-acidic tundra-Mesic"
"619","non-acidic tundra","Mesic",10,"2022","06","29","Fe_ug_mL",0.12,0.127,"June","June-29-2022","non-acidic tundra-Mesic"
"620","non-acidic tundra","Mesic",10,"2022","06","29","K_ug_mL",0.755,0.856,"June","June-29-2022","non-acidic tundra-Mesic"
"621","non-acidic tundra","Mesic",10,"2022","06","29","Mg_ug_mL",0.73,0.085,"June","June-29-2022","non-acidic tundra-Mesic"
"622","non-acidic tundra","Mesic",10,"2022","06","29","Mn_ug_mL",0.215,0.276,"June","June-29-2022","non-acidic tundra-Mesic"
"623","non-acidic tundra","Mesic",10,"2022","06","29","Na_ug_mL",0.48,0.453,"June","June-29-2022","non-acidic tundra-Mesic"
"624","non-acidic tundra","Mesic",10,"2022","06","29","P_ug_mL",0.017,0.018,"June","June-29-2022","non-acidic tundra-Mesic"
"625","non-acidic tundra","Mesic",10,"2022","07","07","Al_ug_mL",0.03,NA,"July","July-07-2022","non-acidic tundra-Mesic"
"626","non-acidic tundra","Mesic",10,"2022","07","07","Ca_ug_mL",6.15,NA,"July","July-07-2022","non-acidic tundra-Mesic"
"627","non-acidic tundra","Mesic",10,"2022","07","07","Fe_ug_mL",0.02,NA,"July","July-07-2022","non-acidic tundra-Mesic"
"628","non-acidic tundra","Mesic",10,"2022","07","07","K_ug_mL",0.01,NA,"July","July-07-2022","non-acidic tundra-Mesic"
"629","non-acidic tundra","Mesic",10,"2022","07","07","Mg_ug_mL",0.77,NA,"July","July-07-2022","non-acidic tundra-Mesic"
"630","non-acidic tundra","Mesic",10,"2022","07","07","Mn_ug_mL",0.01,NA,"July","July-07-2022","non-acidic tundra-Mesic"
"631","non-acidic tundra","Mesic",10,"2022","07","07","Na_ug_mL",0.11,NA,"July","July-07-2022","non-acidic tundra-Mesic"
"632","non-acidic tundra","Mesic",10,"2022","07","07","P_ug_mL",0.005,NA,"July","July-07-2022","non-acidic tundra-Mesic"
"633","non-acidic tundra","Mesic",10,"2022","07","12","Al_ug_mL",0.035,0.007,"July","July-12-2022","non-acidic tundra-Mesic"
"634","non-acidic tundra","Mesic",10,"2022","07","12","Ca_ug_mL",7.295,0.12,"July","July-12-2022","non-acidic tundra-Mesic"
"635","non-acidic tundra","Mesic",10,"2022","07","12","Fe_ug_mL",0.03,0,"July","July-12-2022","non-acidic tundra-Mesic"
"636","non-acidic tundra","Mesic",10,"2022","07","12","K_ug_mL",0.045,0.021,"July","July-12-2022","non-acidic tundra-Mesic"
"637","non-acidic tundra","Mesic",10,"2022","07","12","Mg_ug_mL",0.94,0,"July","July-12-2022","non-acidic tundra-Mesic"
"638","non-acidic tundra","Mesic",10,"2022","07","12","Mn_ug_mL",0.01,0,"July","July-12-2022","non-acidic tundra-Mesic"
"639","non-acidic tundra","Mesic",10,"2022","07","12","Na_ug_mL",0.135,0.007,"July","July-12-2022","non-acidic tundra-Mesic"
"640","non-acidic tundra","Mesic",10,"2022","07","12","P_ug_mL",0.005,0,"July","July-12-2022","non-acidic tundra-Mesic"
"641","non-acidic tundra","Mesic",10,"2022","07","19","Al_ug_mL",0.54,0.622,"July","July-19-2022","non-acidic tundra-Mesic"
"642","non-acidic tundra","Mesic",10,"2022","07","19","Ca_ug_mL",7.725,1.563,"July","July-19-2022","non-acidic tundra-Mesic"
"643","non-acidic tundra","Mesic",10,"2022","07","19","Fe_ug_mL",0.24,0.269,"July","July-19-2022","non-acidic tundra-Mesic"
"644","non-acidic tundra","Mesic",10,"2022","07","19","K_ug_mL",0.775,0.87,"July","July-19-2022","non-acidic tundra-Mesic"
"645","non-acidic tundra","Mesic",10,"2022","07","19","Mg_ug_mL",1.015,0.177,"July","July-19-2022","non-acidic tundra-Mesic"
"646","non-acidic tundra","Mesic",10,"2022","07","19","Mn_ug_mL",0.122,0.168,"July","July-19-2022","non-acidic tundra-Mesic"
"647","non-acidic tundra","Mesic",10,"2022","07","19","Na_ug_mL",0.455,0.403,"July","July-19-2022","non-acidic tundra-Mesic"
"648","non-acidic tundra","Mesic",10,"2022","07","19","P_ug_mL",0.01,0,"July","July-19-2022","non-acidic tundra-Mesic"
"649","non-acidic tundra","Mesic",10,"2022","07","26","Al_ug_mL",0.09,0.071,"July","July-26-2022","non-acidic tundra-Mesic"
"650","non-acidic tundra","Mesic",10,"2022","07","26","Ca_ug_mL",7.215,0.643,"July","July-26-2022","non-acidic tundra-Mesic"
"651","non-acidic tundra","Mesic",10,"2022","07","26","Fe_ug_mL",0.05,0.014,"July","July-26-2022","non-acidic tundra-Mesic"
"652","non-acidic tundra","Mesic",10,"2022","07","26","K_ug_mL",0.08,0.071,"July","July-26-2022","non-acidic tundra-Mesic"
"653","non-acidic tundra","Mesic",10,"2022","07","26","Mg_ug_mL",0.905,0.106,"July","July-26-2022","non-acidic tundra-Mesic"
"654","non-acidic tundra","Mesic",10,"2022","07","26","Mn_ug_mL",0.003,0,"July","July-26-2022","non-acidic tundra-Mesic"
"655","non-acidic tundra","Mesic",10,"2022","07","26","Na_ug_mL",0.17,0.028,"July","July-26-2022","non-acidic tundra-Mesic"
"656","non-acidic tundra","Mesic",10,"2022","07","26","P_ug_mL",0.005,0,"July","July-26-2022","non-acidic tundra-Mesic"
"657","non-acidic tundra","Mesic",10,"2022","08","07","Al_ug_mL",0.045,0.007,"August","August-07-2022","non-acidic tundra-Mesic"
"658","non-acidic tundra","Mesic",10,"2022","08","07","Ca_ug_mL",7.31,1.4,"August","August-07-2022","non-acidic tundra-Mesic"
"659","non-acidic tundra","Mesic",10,"2022","08","07","Fe_ug_mL",0.04,0.014,"August","August-07-2022","non-acidic tundra-Mesic"
"660","non-acidic tundra","Mesic",10,"2022","08","07","K_ug_mL",0.085,0.007,"August","August-07-2022","non-acidic tundra-Mesic"
"661","non-acidic tundra","Mesic",10,"2022","08","07","Mg_ug_mL",0.935,0.219,"August","August-07-2022","non-acidic tundra-Mesic"
"662","non-acidic tundra","Mesic",10,"2022","08","07","Mn_ug_mL",0.003,0,"August","August-07-2022","non-acidic tundra-Mesic"
"663","non-acidic tundra","Mesic",10,"2022","08","07","Na_ug_mL",0.15,0.014,"August","August-07-2022","non-acidic tundra-Mesic"
"664","non-acidic tundra","Mesic",10,"2022","08","07","P_ug_mL",0.005,0,"August","August-07-2022","non-acidic tundra-Mesic"
"665","non-acidic tundra","Mesic",10,"2022","09","23","Al_ug_mL",2.3,NA,"September","September-23-2022","non-acidic tundra-Mesic"
"666","non-acidic tundra","Mesic",10,"2022","09","23","Ca_ug_mL",9.5,NA,"September","September-23-2022","non-acidic tundra-Mesic"
"667","non-acidic tundra","Mesic",10,"2022","09","23","Fe_ug_mL",2.7,NA,"September","September-23-2022","non-acidic tundra-Mesic"
"668","non-acidic tundra","Mesic",10,"2022","09","23","K_ug_mL",0.4,NA,"September","September-23-2022","non-acidic tundra-Mesic"
"669","non-acidic tundra","Mesic",10,"2022","09","23","Mg_ug_mL",1.2,NA,"September","September-23-2022","non-acidic tundra-Mesic"
"670","non-acidic tundra","Mesic",10,"2022","09","23","Mn_ug_mL",0.9,NA,"September","September-23-2022","non-acidic tundra-Mesic"
"671","non-acidic tundra","Mesic",10,"2022","09","23","Na_ug_mL",0.4,NA,"September","September-23-2022","non-acidic tundra-Mesic"
"672","non-acidic tundra","Mesic",10,"2022","09","23","P_ug_mL",0.05,NA,"September","September-23-2022","non-acidic tundra-Mesic"
"673","non-acidic tundra","Mesic",20,"2022","06","29","Al_ug_mL",0.08,NA,"June","June-29-2022","non-acidic tundra-Mesic"
"674","non-acidic tundra","Mesic",20,"2022","06","29","Ca_ug_mL",4.46,NA,"June","June-29-2022","non-acidic tundra-Mesic"
"675","non-acidic tundra","Mesic",20,"2022","06","29","Fe_ug_mL",0.55,NA,"June","June-29-2022","non-acidic tundra-Mesic"
"676","non-acidic tundra","Mesic",20,"2022","06","29","K_ug_mL",1.13,NA,"June","June-29-2022","non-acidic tundra-Mesic"
"677","non-acidic tundra","Mesic",20,"2022","06","29","Mg_ug_mL",0.58,NA,"June","June-29-2022","non-acidic tundra-Mesic"
"678","non-acidic tundra","Mesic",20,"2022","06","29","Mn_ug_mL",0.21,NA,"June","June-29-2022","non-acidic tundra-Mesic"
"679","non-acidic tundra","Mesic",20,"2022","06","29","Na_ug_mL",0.27,NA,"June","June-29-2022","non-acidic tundra-Mesic"
"680","non-acidic tundra","Mesic",20,"2022","06","29","P_ug_mL",0.15,NA,"June","June-29-2022","non-acidic tundra-Mesic"
"681","non-acidic tundra","Mesic",20,"2022","07","07","Al_ug_mL",0.067,0.023,"July","July-07-2022","non-acidic tundra-Mesic"
"682","non-acidic tundra","Mesic",20,"2022","07","07","Ca_ug_mL",8.457,3.588,"July","July-07-2022","non-acidic tundra-Mesic"
"683","non-acidic tundra","Mesic",20,"2022","07","07","Fe_ug_mL",0.257,0.206,"July","July-07-2022","non-acidic tundra-Mesic"
"684","non-acidic tundra","Mesic",20,"2022","07","07","K_ug_mL",0.373,0.133,"July","July-07-2022","non-acidic tundra-Mesic"
"685","non-acidic tundra","Mesic",20,"2022","07","07","Mg_ug_mL",1.093,0.456,"July","July-07-2022","non-acidic tundra-Mesic"
"686","non-acidic tundra","Mesic",20,"2022","07","07","Mn_ug_mL",0.227,0.255,"July","July-07-2022","non-acidic tundra-Mesic"
"687","non-acidic tundra","Mesic",20,"2022","07","07","Na_ug_mL",0.27,0.082,"July","July-07-2022","non-acidic tundra-Mesic"
"688","non-acidic tundra","Mesic",20,"2022","07","07","P_ug_mL",0.05,0.036,"July","July-07-2022","non-acidic tundra-Mesic"
"689","non-acidic tundra","Mesic",20,"2022","07","12","Al_ug_mL",0.067,0.015,"July","July-12-2022","non-acidic tundra-Mesic"
"690","non-acidic tundra","Mesic",20,"2022","07","12","Ca_ug_mL",9.567,4.277,"July","July-12-2022","non-acidic tundra-Mesic"
"691","non-acidic tundra","Mesic",20,"2022","07","12","Fe_ug_mL",0.163,0.119,"July","July-12-2022","non-acidic tundra-Mesic"
"692","non-acidic tundra","Mesic",20,"2022","07","12","K_ug_mL",0.097,0.025,"July","July-12-2022","non-acidic tundra-Mesic"
"693","non-acidic tundra","Mesic",20,"2022","07","12","Mg_ug_mL",1.273,0.543,"July","July-12-2022","non-acidic tundra-Mesic"
"694","non-acidic tundra","Mesic",20,"2022","07","12","Mn_ug_mL",0.413,0.44,"July","July-12-2022","non-acidic tundra-Mesic"
"695","non-acidic tundra","Mesic",20,"2022","07","12","Na_ug_mL",0.197,0.035,"July","July-12-2022","non-acidic tundra-Mesic"
"696","non-acidic tundra","Mesic",20,"2022","07","12","P_ug_mL",0.008,0.003,"July","July-12-2022","non-acidic tundra-Mesic"
"697","non-acidic tundra","Mesic",20,"2022","07","19","Al_ug_mL",0.097,0.025,"July","July-19-2022","non-acidic tundra-Mesic"
"698","non-acidic tundra","Mesic",20,"2022","07","19","Ca_ug_mL",9.86,4.627,"July","July-19-2022","non-acidic tundra-Mesic"
"699","non-acidic tundra","Mesic",20,"2022","07","19","Fe_ug_mL",0.32,0.207,"July","July-19-2022","non-acidic tundra-Mesic"
"700","non-acidic tundra","Mesic",20,"2022","07","19","K_ug_mL",0.17,0.132,"July","July-19-2022","non-acidic tundra-Mesic"
"701","non-acidic tundra","Mesic",20,"2022","07","19","Mg_ug_mL",1.35,0.598,"July","July-19-2022","non-acidic tundra-Mesic"
"702","non-acidic tundra","Mesic",20,"2022","07","19","Mn_ug_mL",0.483,0.414,"July","July-19-2022","non-acidic tundra-Mesic"
"703","non-acidic tundra","Mesic",20,"2022","07","19","Na_ug_mL",0.267,0.117,"July","July-19-2022","non-acidic tundra-Mesic"
"704","non-acidic tundra","Mesic",20,"2022","07","19","P_ug_mL",0.01,0,"July","July-19-2022","non-acidic tundra-Mesic"
"705","non-acidic tundra","Mesic",20,"2022","07","26","Al_ug_mL",0.08,0.03,"July","July-26-2022","non-acidic tundra-Mesic"
"706","non-acidic tundra","Mesic",20,"2022","07","26","Ca_ug_mL",9.08,3.31,"July","July-26-2022","non-acidic tundra-Mesic"
"707","non-acidic tundra","Mesic",20,"2022","07","26","Fe_ug_mL",0.487,0.476,"July","July-26-2022","non-acidic tundra-Mesic"
"708","non-acidic tundra","Mesic",20,"2022","07","26","K_ug_mL",0.037,0.006,"July","July-26-2022","non-acidic tundra-Mesic"
"709","non-acidic tundra","Mesic",20,"2022","07","26","Mg_ug_mL",1.183,0.461,"July","July-26-2022","non-acidic tundra-Mesic"
"710","non-acidic tundra","Mesic",20,"2022","07","26","Mn_ug_mL",0.49,0.367,"July","July-26-2022","non-acidic tundra-Mesic"
"711","non-acidic tundra","Mesic",20,"2022","07","26","Na_ug_mL",0.18,0.044,"July","July-26-2022","non-acidic tundra-Mesic"
"712","non-acidic tundra","Mesic",20,"2022","07","26","P_ug_mL",0.007,0.003,"July","July-26-2022","non-acidic tundra-Mesic"
"713","non-acidic tundra","Mesic",20,"2022","08","07","Al_ug_mL",0.093,0.042,"August","August-07-2022","non-acidic tundra-Mesic"
"714","non-acidic tundra","Mesic",20,"2022","08","07","Ca_ug_mL",8.05,0.946,"August","August-07-2022","non-acidic tundra-Mesic"
"715","non-acidic tundra","Mesic",20,"2022","08","07","Fe_ug_mL",0.853,1.084,"August","August-07-2022","non-acidic tundra-Mesic"
"716","non-acidic tundra","Mesic",20,"2022","08","07","K_ug_mL",0.05,0.026,"August","August-07-2022","non-acidic tundra-Mesic"
"717","non-acidic tundra","Mesic",20,"2022","08","07","Mg_ug_mL",1.003,0.093,"August","August-07-2022","non-acidic tundra-Mesic"
"718","non-acidic tundra","Mesic",20,"2022","08","07","Mn_ug_mL",0.457,0.385,"August","August-07-2022","non-acidic tundra-Mesic"
"719","non-acidic tundra","Mesic",20,"2022","08","07","Na_ug_mL",0.18,0.026,"August","August-07-2022","non-acidic tundra-Mesic"
"720","non-acidic tundra","Mesic",20,"2022","08","07","P_ug_mL",0.005,0,"August","August-07-2022","non-acidic tundra-Mesic"
