Sample_ID,Core_ID,Date collected,Area,Site,Plot#,Plot ID,Horizon,Depth 1 (cm),Depth 2 (cm),Depth 3 (cm),Depth 4 (cm),Average Depth (cm),Paper bag weights (g),Bag + Wet Core Weight (g),Wet Core Weight (g),Dry weight of core + paper bag (g),Dry Core Weight (g),Soil Bulk Density (g cm-3),Gravitimetric Soil Moisture (%),Gravimetric water content (g H2O/g dry soil),Samples shipped to UTK,Shipping date,Shipment actual arrival date,Sample conditon upon arrival,Bag name,Comments,Previously assessed at CLS,Assessed at APS,Gravitimetric soil moisture content to be conducted,Sample sent for thin section,Bulk geochemical analysis
20210706-E-D1_O1,20210706-E-D1,6-Jul-21,East,Dry,1,E-D1,O1,10.5,10,10,10.5,10.3,6.8,47.2,40.4,16.21,9.41,0.05,76.7,3.29,Shipment 2,10/21/2021,10/26/2021,Freeze Dried,6th July 2021 Bag 1 of 2 ,,Analyzed,Analyzed,,,13
20210706-E-D1_O2,20210706-E-D1,6-Jul-21,East,Dry,1,E-D1,O2,5.5,5,4.5,5.5,5.1,6.9,34.3,27.4,12.99,6.09,0.06,77.8,3.5,Shipment 2,10/21/2021,10/26/2021,Freeze Dried,6th July 2021 Bag 1 of 2 ,,Analyzed,Analyzed,,,19
20210706-E-D2_O,20210706-E-D2,6-Jul-21,East,Dry,2,E-D2,O,5.5,5.5,7.5,5,5.9,6.9,30,23.1,11.14,4.24,0.04,81.6,4.45,Shipment 2,10/21/2021,10/26/2021,Freeze Dried,6th July 2021 Bag 1 of 2 ,,Analyzed,Analyzed,,,1
20210706-E-D2_M,20210706-E-D2,6-Jul-21,East,Dry,2,E-D2,M,13,11,11.5,12.5,12,7,203.8,196.8,106.96,99.96,0.42,49.2,0.97,Shipment 2,10/21/2021,10/26/2021,Freeze Dried,6th July 2021 Bag 1 of 2 ,,Analyzed,Analyzed,,,2
20210706-E-D3_O,20210706-E-D3,6-Jul-21,East,Dry,3,E-D3,O,8,8,8.5,9.5,8.5,6.9,69.5,62.6,22.37,15.47,0.09,75.3,3.05,Shipment 2,10/21/2021,10/26/2021,Freeze Dried,6th July 2021 Bag 1 of 2 ,,,,,,
20210706-E-D3_M,20210706-E-D3,6-Jul-21,East,Dry,3,E-D3,M,11,11,10,10.5,10.6,7,209.2,202.2,149.45,142.45,0.68,29.5,0.42,Shipment 2,10/21/2021,10/26/2021,Freeze Dried,6th July 2021 Bag 1 of 2 ,,,,,,
20210706-E-M1_O1,20210706-E-M1,6-Jul-21,East,Mesic,1,E-M1,O1,13.5,13,12.5,13.5,13.1,6.9,70,63.1,16.73,9.83,0.04,84.4,5.42,Shipment 2,10/21/2021,10/26/2021,Freeze Dried,6th July 2021 Bag 1 of 2 ,,Analyzed,Analyzed,,,14
20210706-E-M1_O2,20210706-E-M1,6-Jul-21,East,Mesic,1,E-M1,O2,7,9.5,9,8,8.4,6.9,40,33.1,11.46,4.56,0.03,86.2,6.26,Shipment 2,10/21/2021,10/26/2021,Freeze Dried,6th July 2021 Bag 1 of 2 ,,Analyzed,,,,20
20210706-E-M2_O,20210706-E-M2,6-Jul-21,East,Mesic,2,E-M2,O,3.5,4,5,4.5,4.3,6.9,34,27.1,13.31,6.41,0.08,76.3,3.23,Shipment 2,10/21/2021,10/26/2021,Freeze Dried,6th July 2021 Bag 1 of 2 ,,Analyzed,Analyzed,,,3
20210706-E-M2_M,20210706-E-M2,6-Jul-21,East,Mesic,2,E-M2,M,11.5,13,13.5,13.5,12.9,6.9,376.9,370,291.91,285.01,1.13,23,0.3,Shipment 2,10/21/2021,10/26/2021,Freeze Dried,6th July 2021 Bag 1 of 2 ,,Analyzed,Analyzed,,,4
20210706-E-M3_O,20210706-E-M3,6-Jul-21,East,Mesic,3,E-M3,O,7.5,11,10.5,10.5,9.9,6.9,88.4,81.5,39.11,32.21,0.17,60.5,1.53,Shipment 2,10/21/2021,10/26/2021,Freeze Dried,6th July 2021 Bag 2 of 2 ,,,,,,
20210706-E-H1_O1,20210706-E-H1,6-Jul-21,East,Hydric,1,E-H1,O1,12,10,9,9.5,10.1,6.9,126.9,120,27.23,20.33,0.1,83.1,4.9,Shipment 2,10/21/2021,10/26/2021,Freeze Dried,6th July 2021 Bag 2 of 2 ,,,,,,
20210706-E-H1_O2,20210706-E-H1,6-Jul-21,East,Hydric,1,E-H1,O2,4,7,6.5,7,6.1,7,63.2,56.2,18.81,11.81,0.1,79,3.76,Shipment 2,10/21/2021,10/26/2021,Freeze Dried,6th July 2021 Bag 2 of 2 ,,,,,,
20210706-E-H2_O1,20210706-E-H2,6-Jul-21,East,Hydric,2,E-H2,O1,11,9,11,11,10.5,6.9,56.7,49.8,13.4,6.5,0.03,86.9,6.66,Shipment 2,10/21/2021,10/26/2021,Freeze Dried,6th July 2021 Bag 2 of 2 ,,Analyzed,Analyzed,,,5
20210706-E-H2_O2,20210706-E-H2,6-Jul-21,East,Hydric,2,E-H2,O2,8.5,8.5,8,8,8.3,6.9,132.5,125.6,39.35,32.45,0.2,74.2,2.87,Shipment 2,10/21/2021,10/26/2021,Freeze Dried,6th July 2021 Bag 2 of 2 ,,Analyzed,Analyzed,,,6
20210706-E-H3_O1,20210706-E-H3,6-Jul-21,East,Hydric,3,E-H3,O1,,,,,,7,51.1,44.1,13.57,6.57,,85.1,5.71,Shipment 2,10/21/2021,10/26/2021,Freeze Dried,6th July 2021 Bag 2 of 2 ,,Analyzed,Analyzed,,,15
20210706-E-H3_O2,20210706-E-H3,6-Jul-21,East,Hydric,3,E-H3,O2,11,10,10,11,10.5,4.4,140.1,135.7,39.4,35,0.17,74.2,2.88,Shipment 2,10/21/2021,10/26/2021,Freeze Dried,6th July 2021 Bag 2 of 2 ,,Analyzed,,,,21
20210707-W-D1_O,20210707-W-D1,7-Jul-21,West,Dry,1,W-D1,O,18.5,18,16.5,17.5,17.6,7,154.7,147.7,33.29,26.29,0.08,82.2,4.62,Shipment 2,10/21/2021,10/26/2021,Freeze Dried,7th July 2021 Bag 1 of 2 ,,Analyzed,,,,24
20210707-W-D2_O,20210707-W-D2,7-Jul-21,West,Dry,2,W-D2,O,11.5,12,12,9,11.1,7,145.2,138.2,38.43,31.43,0.14,77.3,3.4,Shipment 2,10/21/2021,10/26/2021,Freeze Dried,7th July 2021 Bag 1 of 2 ,,Analyzed,Analyzed,,,16
20210707-W-D3_O1,20210707-W-D3,7-Jul-21,West,Dry,3,W-D3,O1,12,10.5,11,11,11.1,7,81.3,74.3,24.77,17.77,0.08,76.1,3.18,Shipment 2,10/21/2021,10/26/2021,Freeze Dried,7th July 2021 Bag 1 of 2 ,,Analyzed,Analyzed,,,7
20210707-W-D3_O2,20210707-W-D3,7-Jul-21,West,Dry,3,W-D3,O2,5,5.5,5.5,5.5,5.4,7,97.3,90.3,31.31,24.31,0.23,73.1,2.71,Shipment 2,10/21/2021,10/26/2021,Freeze Dried,7th July 2021 Bag 1 of 2 ,,Analyzed,Analyzed,,,8
20210707-W-M1_O,20210707-W-M1,7-Jul-21,West,Mesic,1,W-M1,O,10.5,11,11,10.5,10.8,6.9,120,113.1,26.71,19.81,0.09,82.5,4.71,Shipment 2,10/21/2021,10/26/2021,Freeze Dried,7th July 2021 Bag 1 of 2 ,,,,,,
20210707-W-M2_O1,20210707-W-M2,7-Jul-21,West,Mesic,2,W-M2,O1,6.5,6.5,7,6.5,6.6,6.8,63.9,57.1,15.83,9.03,0.07,84.2,5.32,Shipment 2,10/21/2021,10/26/2021,Freeze Dried,7th July 2021 Bag 1 of 2 ,,Analyzed,Analyzed,,,9
20210707-W-M2_O2,20210707-W-M2,7-Jul-21,West,Mesic,2,W-M2,O2,6,7,6,6,6.3,6.9,93.6,86.7,24.67,17.77,0.14,79.5,3.88,Shipment 2,10/21/2021,10/26/2021,Freeze Dried,7th July 2021 Bag 1 of 2 ,,Analyzed,Analyzed,,,10
20210707-W-M3_O1,20210707-W-M3,7-Jul-21,West,Mesic,3,W-M3,O1,7,7.5,6,5,6.4,6.9,64.5,57.6,14.9,8,0.06,86.1,6.2,Shipment 2,10/21/2021,10/26/2021,Freeze Dried,7th July 2021 Bag 1 of 2 ,,Analyzed,Analyzed,,,17
20210707-W-M3_O2,20210707-W-M3,7-Jul-21,West,Mesic,3,W-M3,O2,9,9,10,8,9,6.8,139.3,132.5,34.39,27.59,0.16,79.2,3.8,Shipment 2,10/21/2021,10/26/2021,Freeze Dried,7th July 2021 Bag 1 of 2 ,,Analyzed,,,,22
20210707-W-H1_O1,20210707-W-H1,7-Jul-21,West,Hydric,1,W-H1,O1,8,8.5,9,9,8.6,7,149.7,142.7,29.96,22.96,0.14,83.9,5.22,Shipment 2,10/21/2021,10/26/2021,Freeze Dried,7th July 2021 Bag 2 of 2 ,,Analyzed,Analyzed,,,11
20210707-W-H1_O2,20210707-W-H1,7-Jul-21,West,Hydric,1,W-H1,O2,9.5,7.5,9,9.5,8.9,7,141,134,27.46,20.46,0.12,84.7,5.55,Shipment 2,10/21/2021,10/26/2021,Freeze Dried,7th July 2021 Bag 2 of 2 ,,Analyzed,Analyzed,,,12
20210707-W-H2_O1,20210707-W-H2,7-Jul-21,West,Hydric,2,W-H2,O1,9,9,9.5,8.5,9,6.9,122.9,116,27.16,20.26,0.11,82.5,4.73,Shipment 2,10/21/2021,10/26/2021,Freeze Dried,7th July 2021 Bag 2 of 2 ,,Analyzed,Analyzed,,,18
20210707-W-H2_O2,20210707-W-H2,7-Jul-21,West,Hydric,2,W-H2,O2,5,4,5.5,6.5,5.3,7,91.5,84.5,21.75,14.75,0.14,82.5,4.73,Shipment 2,10/21/2021,10/26/2021,Freeze Dried,7th July 2021 Bag 2 of 2 ,,Analyzed,,,,23
20210707-W-H3_O1,20210707-W-H3,7-Jul-21,West,Hydric,3,W-H3,O1,8.5,7,7.5,8.5,7.9,6.9,90.9,84,23.11,16.21,0.1,80.7,4.18,Shipment 2,10/21/2021,10/26/2021,Freeze Dried,7th July 2021 Bag 2 of 2 ,,,,,,
20210707-W-H3_O2,20210707-W-H3,7-Jul-21,West,Hydric,3,W-H3,O2,16.5,15.5,12,12.5,14.1,6.9,171.3,164.4,37.1,30.2,0.11,81.6,4.44,Shipment 2,10/21/2021,10/26/2021,Freeze Dried,7th July 2021 Bag 2 of 2 ,,,,,,
20210713-W-D1_O1,20210713-W-D1,13-Jul-21,West,Dry,1,W-D1,O1,9,9,10.5,10.5,9.8,4.3,55.6,51.3,14.69,10.39,0.05,79.7,3.94,Shipment 2,10/21/2021,10/26/2021,Freeze Dried,13th July 2021 Bag 1 of 2,,,,,,
20210713-W-D1_O2,20210713-W-D1,13-Jul-21,West,Dry,1,W-D1,O2,10.5,11,10.5,11.5,10.9,4.3,160.4,156.1,40.42,36.12,0.17,76.9,3.32,Shipment 2,10/21/2021,10/26/2021,Freeze Dried,13th July 2021 Bag 1 of 2,,,,,,
20210713-W-D2_O1,20210713-W-D2,13-Jul-21,West,Dry,2,W-D2,O1,12.5,12.5,13,13,12.8,4.2,78.9,74.7,14.08,9.88,0.04,86.8,6.56,Shipment 2,10/21/2021,10/26/2021,Freeze Dried,13th July 2021 Bag 1 of 2,,,,,,
20210713-W-D2_O2,20210713-W-D2,13-Jul-21,West,Dry,2,W-D2,O2,5.5,6.5,8,7,6.8,4.1,96.4,92.3,23.04,18.94,0.14,79.5,3.87,Shipment 2,10/21/2021,10/26/2021,Freeze Dried,13th July 2021 Bag 1 of 2,,,,,,
20210713-W-D3_O1,20210713-W-D3,13-Jul-21,West,Dry,3,W-D3,O1,11,12,10,11,11,6.9,55.2,48.3,17.18,10.28,0.05,78.7,3.7,Shipment 2,10/21/2021,10/26/2021,Freeze Dried,13th July 2021 Bag 1 of 2,,,,,,
20210713-W-D3_O2,20210713-W-D3,13-Jul-21,West,Dry,3,W-D3,O2,11,10.5,9.5,9,10,7,112.8,105.8,31.65,24.65,0.13,76.7,3.29,Shipment 2,10/21/2021,10/26/2021,Freeze Dried,13th July 2021 Bag 1 of 2,,,,,,
20210713-W-M1_O1,20210713-W-M1,13-Jul-21,West,Mesic,1,W-M1,O1,12,13,12.5,11.5,12.3,4.3,75.1,70.8,17.01,12.71,0.05,82,4.57,Shipment 2,10/21/2021,10/26/2021,Freeze Dried,13th July 2021 Bag 1 of 2,,,,,,
20210713-W-M1_O2,20210713-W-M1,13-Jul-21,West,Mesic,1,W-M1,O2,8.5,8,8.5,8.5,8.4,4.3,115.8,111.5,24.34,20.04,0.12,82,4.56,Shipment 2,10/21/2021,10/26/2021,Freeze Dried,13th July 2021 Bag 2 of 2,,,,,,
20210713-W-M2_O1,20210713-W-M2,13-Jul-21,West,Mesic,2,W-M2,O1,5.5,6.5,6.5,6.5,6.3,4.3,33.7,29.4,12.04,7.74,0.06,73.7,2.8,Shipment 2,10/21/2021,10/26/2021,Freeze Dried,13th July 2021 Bag 2 of 2,,,,,,
20210713-W-M2_O2,20210713-W-M2,13-Jul-21,West,Mesic,2,W-M2,O2,5.5,5,5.5,4,5,4.4,75.4,71,19.94,15.54,0.16,78.1,3.57,Shipment 2,10/21/2021,10/26/2021,Freeze Dried,13th July 2021 Bag 2 of 2,,,,,,
20210713-W-M2_M,20210713-W-M2,13-Jul-21,West,Mesic,2,W-M2,M,6.5,3.5,6.5,5.5,5.5,4.4,143.4,139,110.09,105.69,0.98,24,0.32,Shipment 2,10/21/2021,10/26/2021,Freeze Dried,13th July 2021 Bag 2 of 2,,,,,,
20210713-W-M3_O,20210713-W-M3,13-Jul-21,West,Mesic,3,W-M3,O,18.5,18.5,19,18.5,18.6,4.1,,-4.1,20.79,16.69,0.05,,,Shipment 2,10/21/2021,10/26/2021,Freeze Dried,13th July 2021 Bag 2 of 2,,,,,,
20210713-W-H1_O1,20210713-W-H1,13-Jul-21,West,Hydric,1,W-H1,O1,8.5,8.5,8.5,8.5,8.5,4.1,75.9,71.8,9.14,5.04,0.03,93,13.25,Shipment 2,10/21/2021,10/26/2021,Freeze Dried,13th July 2021 Bag 2 of 2,,,,,,
20210713-W-H1_O2,20210713-W-H1,13-Jul-21,West,Hydric,1,W-H1,O2,10,9,7,10,9,4.1,113,108.9,19.43,15.33,0.09,85.9,6.1,Shipment 2,10/21/2021,10/26/2021,Freeze Dried,13th July 2021 Bag 2 of 2,,,,,,
20210713-W-H2_O1,20210713-W-H2,13-Jul-21,West,Hydric,2,W-H2,O1,10,9.5,8.5,9.5,9.4,4.4,152.5,148.1,32.34,27.94,0.15,81.1,4.3,Shipment 2,10/21/2021,10/26/2021,Freeze Dried,13th July 2021 Bag 2 of 2,,,,,,
20210713-W-H2_O2,20210713-W-H2,13-Jul-21,West,Hydric,2,W-H2,O2,12,11,11.5,11.5,11.5,4.3,,-4.3,34.62,30.32,0.13,,,Shipment 2,10/21/2021,10/26/2021,Freeze Dried,13th July 2021 Bag 2 of 2,,,,,,
20210713-W-H3_O1,20210713-W-H3,13-Jul-21,West,Hydric,3,W-H3,O1,10.5,10,10,10,10.1,4.1,98.2,94.1,22,17.9,0.09,81,4.26,Shipment 2,10/21/2021,10/26/2021,Freeze Dried,13th July 2021 Bag 2 of 2,,,,,,
20210713-W-H3_O2,20210713-W-H3,13-Jul-21,West,Hydric,3,W-H3,O2,8.5,8.5,9.5,9.5,9,4.1,108.2,104.1,22.99,18.89,0.11,81.9,4.51,Shipment 2,10/21/2021,10/26/2021,Freeze Dried,13th July 2021 Bag 2 of 2,,,,,,
20210714-E-D1_O1,20210714-E-D1,14-Jul-21,East,Dry,1,E-D1,O1,6,4.5,7.5,7,6.3,4.2,27.9,23.7,8.93,4.73,0.04,80,4.01,Shipment 2,10/21/2021,10/26/2021,Freeze Dried,14th July 2021 Bag 1 of 2,,,,,,
20210714-E-D1_O2,20210714-E-D1,14-Jul-21,East,Dry,1,E-D1,O2,7.5,7,6.5,6,6.8,4.3,100.7,96.4,40.18,35.88,0.27,62.8,1.69,Shipment 2,10/21/2021,10/26/2021,Freeze Dried,14th July 2021 Bag 2 of 2,,,,,,
20210714-E-D2_O1,20210714-E-D2,14-Jul-21,East,Dry,2,E-D2,O1,10,9.5,9,9,9.4,4.4,59.9,55.5,21,16.6,0.09,70.1,2.34,Shipment 2,10/21/2021,10/26/2021,Freeze Dried,14th July 2021 Bag 1 of 2,,,,,,
20210714-E-D2_O2,20210714-E-D2,14-Jul-21,East,Dry,2,E-D2,O2,4.5,4.5,4.5,5,4.6,4.4,91.2,86.8,40.83,36.43,0.4,58,1.38,Shipment 2,10/21/2021,10/26/2021,Freeze Dried,14th July 2021 Bag 1 of 2,,,,,,
20210714-E-D3_O1,20210714-E-D3,14-Jul-21,East,Dry,3,E-D3,O1,5.5,7,7.5,6.5,6.6,4.4,52.4,48,15.29,10.89,0.08,77.3,3.41,Shipment 2,10/21/2021,10/26/2021,Freeze Dried,14th July 2021 Bag 2 of 2,,,,,,
20210714-E-D3_O2,20210714-E-D3,14-Jul-21,East,Dry,3,E-D3,O2,7,7.5,7.5,6,7,4.3,120.8,116.5,41.55,37.25,0.27,68,2.13,Shipment 2,10/21/2021,10/26/2021,Freeze Dried,14th July 2021 Bag 2 of 2,,,,,,
20210714-E-M1_O1,20210714-E-M1,14-Jul-21,East,Mesic,1,E-M1,O1,9.5,10,9.5,9.5,9.6,4.4,60.5,56.1,17.58,13.18,0.07,76.5,3.26,Shipment 2,10/21/2021,10/26/2021,Freeze Dried,14th July 2021 Bag 1 of 2,,,,,,
20210714-E-M1_O2,20210714-E-M1,14-Jul-21,East,Mesic,1,E-M1,O2,1.5,2.5,2,2,2,4.4,22.1,17.7,8.87,4.47,0.11,74.7,2.96,Shipment 2,10/21/2021,10/26/2021,Freeze Dried,14th July 2021 Bag 1 of 2,,,,,,
20210714-E-M1_M,20210714-E-M1,14-Jul-21,East,Mesic,1,E-M1,M,5.5,5.5,5,5,5.3,4.4,149.2,144.8,95.64,91.24,0.89,37,0.59,Shipment 2,10/21/2021,10/26/2021,Freeze Dried,24th July 2021 ,,,,,,
20210714-E-M2_O,20210714-E-M2,14-Jul-21,East,Mesic,2,E-M2,O,8,7.5,7,7,7.4,4.2,65.5,61.3,31.62,27.42,0.19,55.3,1.24,Shipment 2,10/21/2021,10/26/2021,Freeze Dried,14th July 2021 Bag 2 of 2,,,,,,
20210714-E-M2_M,20210714-E-M2,14-Jul-21,East,Mesic,2,E-M2,M,9,9,9,8.9,9,4.4,275.4,271,207.39,202.99,1.15,25.1,0.34,Shipment 2,10/21/2021,10/26/2021,Freeze Dried,14th July 2021 Bag 2 of 2,,,,,,
20210714-E-M3_O1,20210714-E-M3,14-Jul-21,East,Mesic,3,E-M3,O1,5.5,6.5,5.5,8,6.4,,25.3,25.3,,0,,,,Shipment 1,9/24/2021,9/27/2021,Mostly thawed,Bag 2,,,,,,
20210714-E-M3_O2,20210714-E-M3,14-Jul-21,East,Mesic,3,E-M3,O2,9.5,8.5,7.5,8,8.4,,154,154,,0,,,,Shipment 1,9/24/2021,9/27/2021,Mostly thawed,Bag 2,,,,,,
20210714-E-H1_O1,20210714-E-H1,14-Jul-21,East,Hydric,1,E-H1,O1,10.5,10.5,8.5,7.5,9.3,4.3,50.3,46,10.4,6.1,0.03,86.7,6.54,Shipment 2,10/21/2021,10/26/2021,Freeze Dried,14th July 2021 Bag 2 of 2,"Three of these samples arrived labelled as H1 O1, while other one was labelled H1 O2. Liklely one set of H1 O1 is actually H2 O1 and H2 O2. However, there is no way to tell them apart. ",,,,,
20210714-E-H1_O2,20210714-E-H1,14-Jul-21,East,Hydric,1,E-H1,O2,6,6,5,5.5,5.6,4.4,74.2,69.8,17.73,13.33,0.12,80.9,4.24,Shipment 2,10/21/2021,10/26/2021,Freeze Dried,14th July 2021 Bag 2 of 2,,,,,,
20210714-E-H2_O1,20210714-E-H2,14-Jul-21,East,Hydric,2,E-H2,O1,6.5,5.5,4,5,5.3,4.3,34.2,29.9,9.2,4.9,0.05,83.6,5.1,Shipment 2,10/21/2021,10/26/2021,Freeze Dried,14th July 2021 Bag 2 of 2,,,,,,
20210714-E-H2_O2,20210714-E-H2,14-Jul-21,East,Hydric,2,E-H2,O2,10,9.5,9,9,9.4,4.4,149.6,145.2,42.6,38.2,0.21,73.7,2.8,Shipment 2,10/21/2021,10/26/2021,Freeze Dried,14th July 2021 Bag 2 of 2,,,,,,
20210714-E-H3_O1,20210714-E-H3,14-Jul-21,East,Hydric,3,E-H3,O1,9,8.5,11,11,9.9,4.3,56.2,51.9,,,,,,Shipment 1,9/24/2021,9/27/2021,Mostly thawed,Bag 1,,,,,,
20210714-E-H3_O2,20210714-E-H3,14-Jul-21,East,Hydric,3,E-H3,O2,8,7,8,9,8,4.3,137.6,133.3,,,,,,Shipment 1,9/24/2021,9/27/2021,Mostly thawed,Bag 1,,,,,,
20210724-W-T1_O,20210724-W-T1,24-Jul-21,West,Transect,T1,W-T1,O,5.5,7,7.5,7.5,6.9,1.4,89.7,88.3,,,,,,Shipment 1,9/24/2021,9/27/2021,Mostly thawed,Bag 16,,,,,,
20210724-W-T1_M,20210724-W-T1,24-Jul-21,West,Transect,T1,W-T1,M,13,12.5,11.5,12.5,12.4,1.4,284.6,283.2,,,,,,Shipment 1,9/24/2021,9/27/2021,Mostly thawed,Bag 16,,,,,,
20210724-W-T2_O1,20210724-W-T2,24-Jul-21,West,Transect,T2,W-T2,O1,3.5,4.5,4.5,3,3.9,4.3,23.4,19.1,,,,,,Shipment 1,9/24/2021,9/27/2021,Partially thawed,Bag 17,,,,,,
20210724-W-T2_O2,20210724-W-T2,24-Jul-21,West,Transect,T2,W-T2,O2,6,7.5,7,7,6.9,4.2,137.6,133.4,,,,,,Shipment 1,9/24/2021,9/27/2021,Partially thawed,Bag 17,,,,,,
20210724-W-T2_M,20210724-W-T2,24-Jul-21,West,Transect,T2,W-T2,M,,,,,,4.4,180.8,176.4,,,,,,Shipment 1,9/24/2021,9/27/2021,Partially thawed,Bag 17,,,,,,
20210724-W-T3_O,20210724-W-T3,24-Jul-21,West,Transect,T3,W-T3,O,11,12,10.5,12,11.4,4.4,152.5,148.1,,,,,,Shipment 1,9/24/2021,9/27/2021,Mostly thawed,Bag 18,,,,,,
20210724-W-T3_M,20210724-W-T3,24-Jul-21,West,Transect,T3,W-T3,M,12.5,,,,12.5,4.3,179.5,175.2,,,,,,Shipment 1,9/24/2021,9/27/2021,Mostly thawed,Bag 18,,,,,,
20210724-W-T4_O1,20210724-W-T4,24-Jul-21,West,Transect,T4,W-T4,O1,12.5,12.5,11,11.5,11.9,4.3,176.3,172,,,,,,Shipment 1,9/24/2021,9/27/2021,Partially thawed,Bag 19,,,,,,
20210724-W-T4_O2,20210724-W-T4,24-Jul-21,West,Transect,T4,W-T4,O2,7.5,7.5,8,8.5,7.9,4.4,245.6,241.2,,,,,,Shipment 1,9/24/2021,9/27/2021,Partially thawed,Bag 19,,,,,,
20210724-W-T5_O1,20210724-W-T5,24-Jul-21,West,Transect,T5,W-T5,O1,7.5,6,5,7,6.4,4.4,50.6,46.2,,,,,,Shipment 1,9/24/2021,9/27/2021,Partially thawed,Bag 20,,,,,,
20210724-W-T5_O2,20210724-W-T5,24-Jul-21,West,Transect,T5,W-T5,O2,9,8.5,8.5,8,8.5,4.4,180,175.6,,,,,,Shipment 1,9/24/2021,9/27/2021,Partially thawed,Bag 20,,,,,,
20210724-W-T6_O1,20210724-W-T6,24-Jul-21,West,Transect,T6,W-T6,O1,6.5,7.5,7.5,7,7.1,4.4,50.1,45.7,,,,,,Shipment 1,9/24/2021,9/27/2021,Mostly thawed,Bag 21,,,,,,
20210724-W-T6_O2,20210724-W-T6,24-Jul-21,West,Transect,T6,W-T6,O2,10,10.5,9.5,9,9.8,4.4,160.8,156.4,,,,,,Shipment 1,9/24/2021,9/27/2021,Mostly thawed,Bag 21,,,,,,
20210724-W-T6_M,20210724-W-T6,24-Jul-21,West,Transect,T6,W-T6,M,5,4.5,5.5,5.5,5.1,4.4,156.2,151.8,,,,,,Shipment 1,9/24/2021,9/27/2021,Mostly thawed,Bag 21,,,,,,
20210724-W-T7_O1,20210724-W-T7,24-Jul-21,West,Transect,T7,W-T7,O1,8,8,8,9.6,8.4,4.4,61.2,56.8,,,,,,Shipment 1,9/24/2021,9/27/2021,Mostly thawed,Bag 22,,,,,,
20210724-W-T7_O2,20210724-W-T7,24-Jul-21,West,Transect,T7,W-T7,O2,12.5,13,12.5,14,13,4.4,195.2,190.8,,,,,,Shipment 1,9/24/2021,9/27/2021,Mostly thawed,Bag 22,,,,,,
20210724-W-T8_O1,20210724-W-T8,24-Jul-21,West,Transect,T8,W-T8,O1,11.5,10.5,11,11,11,1.4,49.2,47.8,,,,,,Shipment 1,9/24/2021,9/27/2021,Mostly thawed,Bag 23,,,,,,
20210724-W-T8_O2,20210724-W-T8,24-Jul-21,West,Transect,T8,W-T8,O2,12,11,12,11.5,11.6,1.4,163.3,161.9,,,,,,Shipment 1,9/24/2021,9/27/2021,Mostly thawed,Bag 23,,,,,,
20210724-W-T9_O1,20210724-W-T9,24-Jul-21,West,Transect,T9,W-T9,O1,9.5,9,9,7.5,8.8,4.4,38.5,34.1,,,,,,Shipment 1,9/24/2021,9/27/2021,Mostly thawed,Bag 24,,,,,,
20210724-W-T9_O2,20210724-W-T9,24-Jul-21,West,Transect,T9,W-T9,O2,11,12.5,12.5,12.5,12.1,4.3,179,174.7,,,,,,Shipment 1,9/24/2021,9/27/2021,Mostly thawed,Bag 24,,,,,,
20210724-W-T10_O1,20210724-W-T10,24-Jul-21,West,Transect,T10,W-T10,O1,15,14,14,15.5,14.6,1.4,60.8,59.4,,,,,,Shipment 1,9/24/2021,9/27/2021,Mostly thawed,Bag 25,,,,,,
20210724-W-T10_O2,20210724-W-T10,24-Jul-21,West,Transect,T10,W-T10,O2,7,6.5,7,5.5,6.5,1.4,94.2,92.8,,,,,,Shipment 1,9/24/2021,9/27/2021,Mostly thawed,Bag 25,,,,,,
20210724-W-T11_O1,20210724-W-T11,24-Jul-21,West,Transect,T11,W-T11,O1,8.5,9.5,9.5,8.5,9,1.4,43.9,42.5,,,,,,Shipment 1,9/24/2021,9/27/2021,Mostly thawed,Bag 26,,,,,,
20210724-W-T11_O2,20210724-W-T11,24-Jul-21,West,Transect,T11,W-T11,O2,10,10,9.5,9,9.6,1.4,124.5,123.1,,,,,,Shipment 1,9/24/2021,9/27/2021,Mostly thawed,Bag 26,,,,,,
20210724-W-T12_O1,20210724-W-T12,24-Jul-21,West,Transect,T12,W-T12,O1,10.5,10,9.5,10.5,10.1,4.3,143.1,138.8,,,,,,Shipment 1,9/24/2021,9/27/2021,Mostly thawed,Bag 27,,,,,,
20210724-W-T12_O2,20210724-W-T12,24-Jul-21,West,Transect,T12,W-T12,O2,10,10,9.5,11,10.1,4.3,156,151.7,,,,,,Shipment 1,9/24/2021,9/27/2021,Mostly thawed,Bag 27,,,,,,
20210724-W-T13_O,20210724-W-T13,24-Jul-21,West,Transect,T13,W-T13,O,15,12.5,13,14,13.6,1.4,,-1.4,,,,,,Shipment 1,9/24/2021,9/27/2021,Mostly thawed,Bag 28,,,,,,
20210724-E-T1_O1,20210724-E-T1,24-Jul-21,East,Transect,T1,E-T1,O1,8.5,9,9.5,11,9.5,4.5,48.6,44.1,,,,,,Shipment 1,9/24/2021,9/27/2021,Partially thawed,Bag 3,,,,,,
20210724-E-T1_O2,20210724-E-T1,24-Jul-21,East,Transect,T1,E-T1,O2,12,13,12,14.5,12.9,4.4,240.2,235.8,,,,,,Shipment 1,9/24/2021,9/27/2021,Partially thawed,Bag 3,,,,,,
20210724-E-T2_O1,20210724-E-T2,24-Jul-21,East,Transect,T2,E-T2,O1,8,7.5,10,8,8.4,4.4,36.5,32.1,,,,,,Shipment 1,9/24/2021,9/27/2021,Partially thawed,Bag 4,,,,,,
20210724-E-T2_O2,20210724-E-T2,24-Jul-21,East,Transect,T2,E-T2,O2,13,13.5,13,13,13.1,4.3,143.3,139,,,,,,Shipment 1,9/24/2021,9/27/2021,Partially thawed,Bag 4,,,,,,
20210724-E-T3_O1,20210724-E-T3,24-Jul-21,East,Transect,T3,E-T3,O1,7.5,6.5,8.5,5.5,7,4.3,36.4,32.1,,,,,,Shipment 1,9/24/2021,9/27/2021,Partially thawed,Bag 5,,,,,,
20210724-E-T3_O2,20210724-E-T3,24-Jul-21,East,Transect,T3,E-T3,O2,12,9,9,9.5,9.9,4.4,173.1,168.7,,,,,,Shipment 1,9/24/2021,9/27/2021,Partially thawed,Bag 5,,,,,,
20210724-E-T4_O1,20210724-E-T4,24-Jul-21,East,Transect,T4,E-T4,O1,10,9,9,9,9.3,4.4,66.5,62.1,,,,,,Shipment 1,9/24/2021,9/27/2021,Mostly Thawed,Bag 6,,,,,,
20210724-E-T4_O2,20210724-E-T4,24-Jul-21,East,Transect,T4,E-T4,O2,2.5,4.5,4.5,3.5,3.8,4.4,33.8,29.4,,,,,,Shipment 1,9/24/2021,9/27/2021,Mostly Thawed,Bag 6,,,,,,
20210724-E-T5_O1,20210724-E-T5,24-Jul-21,East,Transect,T5,E-T5,O1,7.5,10,9.5,9.5,9.1,4.3,23.7,19.4,,,,,,Shipment 1,9/24/2021,9/27/2021,Mostly Thawed,Bag 7,,,,,,
20210724-E-T5_O2,20210724-E-T5,24-Jul-21,East,Transect,T5,E-T5,O2,6,7,7.5,7.5,7,4.3,44.7,40.4,,,,,,Shipment 1,9/24/2021,9/27/2021,Mostly Thawed,Bag 7,,,,,,
20210724-E-T5_M,20210724-E-T5,24-Jul-21,East,Transect,T5,E-T5,M,5,4.5,6,7,5.6,4.4,120.8,116.4,,,,,,Shipment 1,9/24/2021,9/27/2021,Mostly Thawed,Bag 7,,,,,,
20210724-E-T6_O,20210724-E-T6,24-Jul-21,East,Transect,T6,E-T6,O,8.5,8.5,8.5,8,8.4,4.3,23.6,19.3,,,,,,Shipment 1,9/24/2021,9/27/2021,Mostly Thawed,Bag 8,,,,,,
20210724-E-T6_M,20210724-E-T6,24-Jul-21,East,Transect,T6,E-T6,M,9.5,10,9.5,8,9.3,4.3,261.1,256.8,,,,,,Shipment 1,9/24/2021,9/27/2021,Mostly Thawed,Bag 8,,,,,,
20210724-E-T7_O,20210724-E-T7,24-Jul-21,East,Transect,T7,E-T7,O,2.5,2.5,2,2,2.3,4.4,14.1,9.7,,,,,,Shipment 1,9/24/2021,9/27/2021,Partially thawed,Bag 9,,,,,,
20210724-E-T7_M,20210724-E-T7,24-Jul-21,East,Transect,T7,E-T7,M,12.5,11,11,9.5,11,4.4,350.2,345.8,,,,,,Shipment 1,9/24/2021,9/27/2021,Partially thawed,Bag 9,,,,,,
20210724-E-T8_O1,20210724-E-T8,24-Jul-21,East,Transect,T8,E-T8,O1,11.5,10,11,10,10.6,4.3,52.7,48.4,,,,,,Shipment 1,9/24/2021,9/27/2021,Mostly Thawed,Bag 10,,,,,,
20210724-E-T8_O2,20210724-E-T8,24-Jul-21,East,Transect,T8,E-T8,O2,5.5,5.5,5,5,5.3,4.3,65.3,61,,,,,,Shipment 1,9/24/2021,9/27/2021,Mostly Thawed,Bag 10,,,,,,
20210724-E-T9_O,20210724-E-T9,24-Jul-21,East,Transect,T9,E-T9,O,8,7.5,8.5,8.5,8.1,4.3,51.4,47.1,,,,,,Shipment 1,9/24/2021,9/27/2021,"Mostly Thawed (Bag was damaged, so the melted ice water definitely entered the bag)",Bag 11,,,,,,
20210724-E-T9_M,20210724-E-T9,24-Jul-21,East,Transect,T9,E-T9,M,11,11,11,12,11.3,4.3,366.7,362.4,,,,,,Shipment 1,9/24/2021,9/27/2021,"Mostly Thawed (Bag was damaged, so the melted ice water definitely entered the bag)",Bag 11,,,,,,
20210724-E-T10_O1,20210724-E-T10,24-Jul-21,East,Transect,T10,E-T10,O1,6.5,8,8,6.5,7.3,4.3,34.4,30.1,,,,,,Shipment 1,9/24/2021,9/27/2021,Partially thawed,Bag 12,,,,,,
20210724-E-T10_O2,20210724-E-T10,24-Jul-21,East,Transect,T10,E-T10,O2,10.5,9.5,9,8.5,9.4,4.3,275.5,271.2,,,,,,Shipment 1,9/24/2021,9/27/2021,Partially thawed,Bag 12,,,,,,
20210724-E-T11_O1,20210724-E-T11,24-Jul-21,East,Transect,T11,E-T11,O1,7,8.5,6,6,6.9,4.3,40.1,35.8,,,,,,Shipment 1,9/24/2021,9/27/2021,Mostly Thawed,Bag 13,,,,,,
20210724-E-T11_O2,20210724-E-T11,24-Jul-21,East,Transect,T11,E-T11,O2,6,5.5,6.5,7.5,6.4,4.3,86.5,82.2,,,,,,Shipment 1,9/24/2021,9/27/2021,Mostly Thawed,Bag 13,,,,,,
20210724-E-T12_O1,20210724-E-T12,24-Jul-21,East,Transect,T12,E-T12,O1,13,13,14,13.5,13.4,4.3,36.7,32.4,,,,,,Shipment 1,9/24/2021,9/27/2021,Partially thawed,Bag 14,,,,,,
20210724-E-T12_O2,20210724-E-T12,24-Jul-21,East,Transect,T12,E-T12,O2,6,5,5,4.5,5.1,4.4,69.5,65.1,,,,,,Shipment 1,9/24/2021,9/27/2021,Partially thawed,Bag 14,,,,,,
20210724-E-T13_O1,20210724-E-T13,24-Jul-21,East,Transect,T13,E-T13,O1,7.5,8.5,8,8,8,4.3,67.3,63,,,,,,Shipment 1,9/24/2021,9/27/2021,Mostly Thawed,Bag 15,,,,,,
20210724-E-T13_O2,20210724-E-T13,24-Jul-21,East,Transect,T13,E-T13,O2,9,10,9,8,9,4.3,133.3,129,,,,,,Shipment 1,9/24/2021,9/27/2021,Mostly Thawed,Bag 15,,,,,,
20210730-E-D1_O1,20210730-E-D1,30-Jul-21,East,Dry,1,E-D1,O1,9.5,8.5,8.5,11,9.4,1.4,43.9,42.5,,,,,,Shipment 1,9/24/2021,9/27/2021,Mostly Thawed (Standing water in bag),Bag 29,,,,,,
20210730-E-D1_O2,20210730-E-D1,30-Jul-21,East,Dry,1,E-D1,O2,13,12.5,11.5,11,12,1.4,165.9,164.5,,,,,,Shipment 1,9/24/2021,9/27/2021,Mostly Thawed (Standing water in bag),Bag 29,,,,,,
20210730-E-D2_O1,20210730-E-D2,30-Jul-21,East,Dry,2,E-D2,O1,12.5,9.5,7.5,10.5,10,1.4,85.2,83.8,,,,,,Shipment 1,9/24/2021,9/27/2021,Mostly Thawed,Bag 30,,,,,,
20210730-E-D2_O2,20210730-E-D2,30-Jul-21,East,Dry,2,E-D2,O2,8,6.5,6.5,7.5,7.1,1.4,156.8,155.4,,,,,,Shipment 1,9/24/2021,9/27/2021,Mostly Thawed,Bag 30,,,,,,
20210730-E-D3_O,20210730-E-D3,30-Jul-21,East,Dry,3,E-D3,O,7.5,7.5,8,8.5,7.9,1.4,96.2,94.8,46.37,44.97,0.29,52.6,1.11,Shipment 1,9/24/2021,9/27/2021,Partially thawed (Standing water in bag),Bag 31,,,,1,,
20210730-E-D3_M,20210730-E-D3,30-Jul-21,East,Dry,3,E-D3,M,14,13.5,13.5,12,13.3,1.4,450.2,448.8,364.77,363.37,1.4,19,0.24,Shipment 1,9/24/2021,9/27/2021,Partially thawed (Standing water in bag),Bag 31,,,,2,,
20210730-E-M1_O,20210730-E-M1,30-Jul-21,East,Mesic,1,E-M1,O,9,8,7,9.5,8.4,1.4,66.2,64.8,12.98,11.58,0.07,82.1,4.6,Shipment 1,9/24/2021,9/27/2021,Partially thawed (Standing water in bag),Bag 32,,,,3,,
20210730-E-M1_M,20210730-E-M1,30-Jul-21,East,Mesic,1,E-M1,M,11.5,12.5,12,10.5,11.6,1.4,354.8,353.4,281.9,280.5,1.23,20.6,0.26,Shipment 1,9/24/2021,9/27/2021,Partially thawed (Standing water in bag),Bag 32,,,,4,,
20210730-E-M2_O1,20210730-E-M2,30-Jul-21,East,Mesic,2,E-M2,O1,12,12,11.5,12,11.9,1.4,93.9,92.5,,,,,,Shipment 1,9/24/2021,9/27/2021,Mostly Thawed (Standing water in bag),Bag 33,,,,,,
20210730-E-M2_O2,20210730-E-M2,30-Jul-21,East,Mesic,2,E-M2,O2,4.5,4,4,2.5,3.8,1.4,43.2,41.8,,,,,,Shipment 1,9/24/2021,9/27/2021,Mostly Thawed (Standing water in bag),Bag 33,,,,,,
20210730-E-M2_M,20210730-E-M2,30-Jul-21,East,Mesic,2,E-M2,M,8.5,7,7.5,8.5,7.9,1.4,219.4,218,,,,,,Shipment 1,9/24/2021,9/27/2021,Mostly Thawed,Bag 33,,,,,,
20210730-E-M3_O1,20210730-E-M3,30-Jul-21,East,Mesic,3,E-M3,O1,11.5,13.5,12,11,12,1.4,65.5,64.1,,,,,,Shipment 1,9/24/2021,9/27/2021,Partially thawed,Bag 34,,,,,,
20210730-E-M3_O2,20210730-E-M3,30-Jul-21,East,Mesic,3,E-M3,O2,7,5.5,6,7.5,6.5,1.4,69.4,68,,,,,,Shipment 1,9/24/2021,9/27/2021,Partially thawed,Bag 34,,,,,,
20210730-E-H1_O1,20210730-E-H1,30-Jul-21,East,Hydric,1,E-H1,O1,14.5,15,14,13.5,14.3,1.4,62.4,61,,,,,,Shipment 1,9/24/2021,9/27/2021,Mostly Thawed,Bag 35,,,,,,
20210730-E-H1_O2,20210730-E-H1,30-Jul-21,East,Hydric,1,E-H1,O2,3.5,4,4.5,4.5,4.1,1.4,63.5,62.1,,,,,,Shipment 1,9/24/2021,9/27/2021,Mostly Thawed,Bag 35,,,,,,
20210730-E-H2_O1,20210730-E-H2,30-Jul-21,East,Hydric,2,E-H2,O1,11,11.5,11.5,10,11,1.4,165,163.6,,,,,,Shipment 1,9/24/2021,9/27/2021,Mostly Thawed,Bag 36,,,,,,
20210730-E-H2_O2,20210730-E-H2,30-Jul-21,East,Hydric,2,E-H2,O2,9,11.5,12,11,10.9,1.4,129.3,127.9,,,,,,Shipment 1,9/24/2021,9/27/2021,Mostly Thawed,Bag 36,,,,,,
20210730-E-H3_O1,20210730-E-H3,30-Jul-21,East,Hydric,3,E-H3,O1,5,6.5,6,6.5,6,1.4,27.6,26.2,,,,,,Shipment 1,9/24/2021,9/27/2021,Mostly Thawed (Standing water in bag),Bag 37,,,,,,
20210730-E-H3_O2,20210730-E-H3,30-Jul-21,East,Hydric,3,E-H3,O2,5,5,5.5,4.5,5,1.4,47.3,45.9,,,,,,Shipment 1,9/24/2021,9/27/2021,Mostly Thawed (Standing water in bag),Bag 37,,,,,,
20210730-E-H3_M,20210730-E-H3,30-Jul-21,East,Hydric,3,E-H3,M,4.5,5.5,6,6,5.5,1.4,114.1,112.7,,,,,,Shipment 1,9/24/2021,9/27/2021,Mostly Thawed (Standing water in bag),Bag 37,,,,,,
20210731-W-D1_O1,20210731-W-D1,31-Jul-21,West,Dry,1,W-D1,O1,8,9,8,7.5,8.1,1.4,46.1,44.7,,,,,,Shipment 1,9/24/2021,9/27/2021,Mostly Thawed,Bag 38,,,,,,
20210731-W-D1_O2,20210731-W-D1,31-Jul-21,West,Dry,1,W-D1,O2,14,13,14.5,13.5,13.8,1.4,209.5,208.1,,,,,,Shipment 1,9/24/2021,9/27/2021,Mostly Thawed,Bag 38,,,,,,
20210731-W-D2_O1,20210731-W-D2,31-Jul-21,West,Dry,2,W-D2,O1,8.5,8.5,9,9,8.8,1.4,71.7,70.3,,,,,,Shipment 1,9/24/2021,9/27/2021,Mostly Thawed,Bag 39,,,,,,
20210731-W-D2_O2,20210731-W-D2,31-Jul-21,West,Dry,2,W-D2,O2,12,12,12.5,12.5,12.3,1.4,209.3,207.9,,,,,,Shipment 1,9/24/2021,9/27/2021,Mostly Thawed,Bag 39,,,,,,
20210731-W-D3_O1,20210731-W-D3,31-Jul-21,West,Dry,3,W-D3,O1,8.5,8.5,9,7.5,8.4,1.4,64.5,63.1,13.18,11.78,0.07,81.3,4.36,Shipment 1,9/24/2021,9/27/2021,Partially thawed,Bag 40,,,,5,,
20210731-W-D3_O2,20210731-W-D3,31-Jul-21,West,Dry,3,W-D3,O2,13,13.5,15,13.5,13.8,1.4,276.1,274.7,104.1,102.7,0.38,62.6,1.67,Shipment 1,9/24/2021,9/27/2021,Partially thawed,Bag 40,,,,6,,
20210731-W-M1_O1,20210731-W-M1,31-Jul-21,West,Mesic,1,W-M1,O1,5,5.5,5,5,5.1,1.4,46.3,44.9,,,,,,Shipment 1,9/24/2021,9/27/2021,Mostly Thawed,Bag 41,,,,,,
20210731-W-M1_O2,20210731-W-M1,31-Jul-21,West,Mesic,1,W-M1,O2,11,12.5,11.5,11,11.5,1.4,171.3,169.9,,,,,,Shipment 1,9/24/2021,9/27/2021,Mostly Thawed,Bag 41,,,,,,
20210731-W-M2_O1,20210731-W-M2,31-Jul-21,West,Mesic,2,W-M2,O1,10,10.5,10,10,10.1,1.4,91.8,90.4,,,,,,Shipment 1,9/24/2021,9/27/2021,Mostly Thawed,Bag 42,,,,,,
20210731-W-M2_O2,20210731-W-M2,31-Jul-21,West,Mesic,2,W-M2,O2,10.5,10.5,11,10,10.5,1.4,178.5,177.1,,,,,,Shipment 1,9/24/2021,9/27/2021,Mostly Thawed,Bag 42,,,,,,
20210731-W-M3_O1,20210731-W-M3,31-Jul-21,West,Mesic,3,W-M3,O1,7.5,8.5,9,9.5,8.6,1.4,57.9,56.5,,,,,,Shipment 1,9/24/2021,9/27/2021,Mostly Thawed,Bag 43,,,,,,
20210731-W-M3_O2,20210731-W-M3,31-Jul-21,West,Mesic,3,W-M3,O2,13,12,11,10.5,11.6,1.4,182.3,180.9,,,,,,Shipment 1,9/24/2021,9/27/2021,Mostly Thawed,Bag 43,,,,,,
20210731-W-H1_O1,20210731-W-H1,31-Jul-21,West,Hydric,1,W-H1,O1,9.5,9,9,9,9.1,1.4,139.5,138.1,,,,,,Shipment 1,9/24/2021,9/27/2021,Mostly Thawed,Bag 44,,,,,,
20210731-W-H1_O2,20210731-W-H1,31-Jul-21,West,Hydric,1,W-H1,O2,9,8,6.5,8.5,8,1.4,151.3,149.9,,,,,,Shipment 1,9/24/2021,9/27/2021,Mostly Thawed,Bag 44,,,,,,
20210731-W-H2_O1,20210731-W-H2,31-Jul-21,West,Hydric,2,W-H2,O1,9.5,9,8.5,9.5,9.1,1.4,119.2,117.8,,,,,,Shipment 1,9/24/2021,9/27/2021,Mostly Thawed,Bag 45,,,,,,
20210731-W-H2_O2,20210731-W-H2,31-Jul-21,West,Hydric,2,W-H2,O2,11,9.5,11,9,10.1,1.4,162.4,161,,,,,,Shipment 1,9/24/2021,9/27/2021,Mostly Thawed,Bag 45,,,,,,
20210731-W-H3_O1,20210731-W-H3,31-Jul-21,West,Hydric,3,W-H3,O1,8,7,8.5,9,8.1,1.4,59.4,58,,,,,,Shipment 1,9/24/2021,9/27/2021,Mostly Thawed,Bag 46,,,,,,
20210731-W-H3_O2,20210731-W-H3,31-Jul-21,West,Hydric,3,W-H3,O2,6,7.5,8,6,6.9,1.4,81,79.6,,,,,,Shipment 1,9/24/2021,9/27/2021,Mostly Thawed,Bag 46,,,,,,
20210807-E-D1_O1,20210807-E-D1,7-Aug-21,East,Dry,1,E-D1,O1,9,10,10,9.5,9.6,1.4,44.8,43.4,,,,,,Shipment 1,9/24/2021,9/27/2021,Mostly Thawed,Bag 47,,,,,,
20210807-E-D1_O2,20210807-E-D1,7-Aug-21,East,Dry,1,E-D1,O2,8.5,7.5,9,10,8.8,1.5,127.6,126.1,,,,,,Shipment 1,9/24/2021,9/27/2021,Mostly Thawed,Bag 47,,,,,,
20210807-E-D2_O,20210807-E-D2,7-Aug-21,East,Dry,2,E-D2,O,7.5,7.5,7.5,7.5,7.5,1.4,17.3,15.9,5.57,4.17,0.03,73.8,2.81,Shipment 2,10/21/2021,10/26/2021,Freeze Dried,24th July 2021 ,,,,,,
20210807-E-D2_M,20210807-E-D2,7-Aug-21,East,Dry,2,E-D2,M,13.5,11,12.5,12.5,12.4,1.4,208.8,207.4,105.43,104.03,0.43,49.8,0.99,Shipment 2,10/21/2021,10/26/2021,Freeze Dried,7th August 2021 Bag 1 of 2 East Area,,,,,,
20210807-E-D3_O1,20210807-E-D3,7-Aug-21,East,Dry,3,E-D3,O1,12,11.5,11.5,12,11.8,1.4,45,43.6,8.49,7.09,0.03,83.7,5.15,Shipment 1,9/24/2021,9/27/2021,Mostly Thawed,Bag 48,,,,,,
20210807-E-D3_O2,20210807-E-D3,7-Aug-21,East,Dry,3,E-D3,O2,7.5,7.5,8.5,9,8.1,1.4,142.6,141.2,54.14,52.74,0.33,62.6,1.68,Shipment 1,9/24/2021,9/27/2021,Mostly Thawed,Bag 48,,,,,,
20210807-E-M1_O,20210807-E-M1,7-Aug-21,East,Mesic,1,E-M1,O,3.5,4,3.5,3.5,3.6,1.4,19.1,17.7,6.66,5.26,0.07,70.3,2.37,Shipment 1,9/24/2021,9/27/2021,Partially thawed,West area Bag 1 of 2,,,,7,,
20210807-E-M1_M1,20210807-E-M1,7-Aug-21,East,Mesic,1,E-M1,M1,3.5,3.5,3.5,4,3.6,1.4,92.6,91.2,71.84,70.44,0.99,22.8,0.29,Shipment 1,9/24/2021,9/27/2021,Partially thawed,West area Bag 1 of 2,,,,8,,
20210807-E-M1_M2,20210807-E-M1,7-Aug-21,East,Mesic,1,E-M1,M2,9,5.5,10,10,8.6,1.4,272.2,270.8,218.7,217.3,1.28,19.8,0.25,Shipment 1,9/24/2021,9/27/2021,Partially thawed,West area Bag 1 of 2,,,,9,,
20210807-E-M2_O1,20210807-E-M2,7-Aug-21,East,Mesic,2,E-M2,O1,8.5,9.5,9.5,8.5,9,1.4,41.3,39.9,,,,,,Shipment 1,9/24/2021,9/27/2021,Mostly Thawed,Bag 49,,,,,,
20210807-E-M2_O2,20210807-E-M2,7-Aug-21,East,Mesic,2,E-M2,O2,6,6.5,5,5.5,5.8,1.4,55,53.6,,,,,,Shipment 1,9/24/2021,9/27/2021,Mostly Thawed,Bag 49,,,,,,
20210807-E-M3_O,20210807-E-M3,7-Aug-21,East,Mesic,3,E-M3,O,4.5,5.5,6,5.5,5.4,1.4,29.7,28.3,8.03,6.63,0.06,76.6,3.27,Shipment 2,10/21/2021,10/26/2021,Freeze Dried,7th August 2021 Bag 1 of 2 East Area,,,,,,
20210807-E-M3_M,20210807-E-M3,7-Aug-21,East,Mesic,3,E-M3,M,10,11,12,11.5,11.1,1.4,290.9,289.5,198.98,197.58,0.9,31.8,0.47,Shipment 2,10/21/2021,10/26/2021,Freeze Dried,7th August 2021 Bag 1 of 2 East Area,,,,,,
20210807-E-H1_O1,20210807-E-H1,7-Aug-21,East,Hydric,1,E-H1,O1,5.5,4,5,7,5.4,1.4,42.4,41,8.37,6.97,0.07,83,4.88,Shipment 1,9/24/2021,9/27/2021,Partially thawed,Bag 50,,,,10,,
20210807-E-H1_O2,20210807-E-H1,7-Aug-21,East,Hydric,1,E-H1,O2,8,8.5,7.5,7,7.8,1.4,133.7,132.3,36.89,35.49,0.23,73.2,2.73,Shipment 1,9/24/2021,9/27/2021,Partially thawed,Bag 50,,,,11,,
20210807-E-H1_M,20210807-E-H1,7-Aug-21,East,Hydric,1,E-H1,M,7,7,8,7,7.3,1.4,185.3,183.9,115.62,114.22,0.8,37.9,0.61,Shipment 1,9/24/2021,9/27/2021,Partially thawed,Bag 50,,,,12,,
20210807-E-H2_O1,20210807-E-H2,7-Aug-21,East,Hydric,2,E-H2,O1,6,6,3.5,5.5,5.3,1.4,7.2,5.8,,,,,,Shipment 1,9/24/2021,9/27/2021,Mostly Thawed,Bag 51,,,,,,
20210807-E-H2_O2,20210807-E-H2,7-Aug-21,East,Hydric,2,E-H2,O2,7.5,7,7,5.5,6.8,1.4,43.8,42.4,,,,,,Shipment 1,9/24/2021,9/27/2021,Mostly Thawed,Bag 51,,,,,,
20210807-E-H2_O3,20210807-E-H2,7-Aug-21,East,Hydric,2,E-H2,O3,7,9.5,10,9,8.9,1.4,120.3,118.9,,,,,,Shipment 1,9/24/2021,9/27/2021,Mostly Thawed,Bag 51,,,,,,
20210807-E-H3_O1,20210807-E-H3,7-Aug-21,East,Hydric,3,E-H3,O1,8,7,6,6.5,6.9,1.4,83,81.6,,,,,,Shipment 1,9/24/2021,9/27/2021,Partially thawed,Bag 52,,,,,,
20210807-E-H3_O2,20210807-E-H3,7-Aug-21,East,Hydric,3,E-H3,O2,7.5,8,9,9.5,8.5,1.4,103.6,102.2,,,,,,Shipment 1,9/24/2021,9/27/2021,Partially thawed,Bag 52,,,,,,
20210807-W-D1_O1,20210807-W-D1,7-Aug-21,West,Dry,1,W-D1,O1,8,8,6,7,7.3,1.4,51,49.6,,,,,,Shipment 1,9/24/2021,9/27/2021,Mostly Thawed,Bag 53,,,,,,
20210807-W-D1_O2,20210807-W-D1,7-Aug-21,West,Dry,1,W-D1,O2,12.5,13,13,13.5,13,1.4,200.7,199.3,,,,,,Shipment 1,9/24/2021,9/27/2021,Partially thawed,West area Bag 1 of 2,,,,,,
20210807-W-D2_O1,20210807-W-D2,7-Aug-21,West,Dry,2,W-D2,O1,9,8.5,9.5,9.5,9.1,1.4,48.4,47,,,,,,Shipment 1,9/24/2021,9/27/2021,Mostly Thawed,Bag 54,,,,,,
20210807-W-D2_O2,20210807-W-D2,7-Aug-21,West,Dry,2,W-D2,O2,10.5,10.5,10,10,10.3,1.4,164.6,163.2,,,,,,Shipment 1,9/24/2021,9/27/2021,Mostly Thawed,West area Bag 2 of 2,,,,,,
20210807-W-D3_O1,20210807-W-D3,7-Aug-21,West,Dry,3,W-D3,O1,9,8.5,7.5,8.5,8.4,1.4,35.6,34.2,8.99,7.59,0.05,77.8,3.51,Shipment 1,9/24/2021,9/27/2021,Partially thawed,Bag 55,,,,13,,
20210807-W-D3_O2,20210807-W-D3,7-Aug-21,West,Dry,3,W-D3,O2,12.5,13,12.5,14.5,13.1,1.4,199.6,198.2,57.35,55.95,0.22,71.8,2.54,Shipment 1,9/24/2021,9/27/2021,Partially thawed,Bag 55,,,,14,,
20210807-W-M1_O1,20210807-W-M1,7-Aug-21,West,Mesic,1,W-M1,O1,9,11,11,9,10,1.4,48.3,46.9,,,,,,Shipment 1,9/24/2021,9/27/2021,Mostly Thawed,Bag 56,,,,,,
20210807-W-M1_O2,20210807-W-M1,7-Aug-21,West,Mesic,1,W-M1,O2,7,7,6.5,5,6.4,1.4,57.7,56.3,,,,,,Shipment 1,9/24/2021,9/27/2021,Mostly Thawed,Bag 56,,,,,,
20210807-W-M2_O1,20210807-W-M2,7-Aug-21,West,Mesic,2,W-M2,O1,9.5,9.5,10,9,9.5,1.4,71.7,70.3,13.15,11.75,0.06,83.3,4.98,Shipment 1,9/24/2021,9/27/2021,Mostly Thawed,West area Bag 2 of 2,,,,15,,
20210807-W-M2_O2,20210807-W-M2,7-Aug-21,West,Mesic,2,W-M2,O2,9.5,10.5,9,8,9.3,1.4,126.1,124.7,34.12,32.72,0.18,73.8,2.81,Shipment 2,10/21/2021,10/26/2021,Freeze Dried,7th August 2021 Bag 1 of 2 West Area,,,,,,
20210807-W-M2_M,20210807-W-M2,7-Aug-21,West,Mesic,2,W-M2,M,3.5,3,3,3.5,3.3,1.4,88.1,86.7,55.15,53.75,0.84,38,0.61,Shipment 2,10/21/2021,10/26/2021,Freeze Dried,7th August 2021 Bag 1 of 2 West Area,,,,,,
20210807-W-M3_O1,20210807-W-M3,7-Aug-21,West,Mesic,3,W-M3,O1,9.5,10,9,8.5,9.3,1.4,65.1,63.7,,,,,,Shipment 1,9/24/2021,9/27/2021,Mostly Thawed,Bag 57,,,,,,
20210807-W-M3_O2,20210807-W-M3,7-Aug-21,West,Mesic,3,W-M3,O2,10,10.5,11,10,10.4,1.4,143.4,142,,,,,,Shipment 1,9/24/2021,9/27/2021,Mostly Thawed,Bag 57,,,,,,
20210807-W-H1_O1,20210807-W-H1,7-Aug-21,West,Hydric,1,W-H1,O1,8.5,8.5,9,8.5,8.6,1.4,111.5,110.1,27.16,25.76,0.15,76.6,3.27,Shipment 2,10/21/2021,10/26/2021,Freeze Dried,7th August 2021 Bag 1 of 2 West Area,,,,,,
20210807-W-H1_O2,20210807-W-H1,7-Aug-21,West,Hydric,1,W-H1,O2,8.5,9.5,7,8,8.3,1.4,123.4,122,,,,,,Shipment 1,9/24/2021,9/27/2021,Mostly Thawed,West are Bag 2 of 2,,,,,,
20210807-W-H2_O1,20210807-W-H2,7-Aug-21,West,Hydric,2,W-H2,O1,9.5,10.5,12,12.5,11.1,1.4,138.9,137.5,41.1,39.7,0.18,71.1,2.46,Shipment 1,9/24/2021,9/27/2021,Partially thawed,Bag 58,,,,16,,
20210807-W-H2_O2,20210807-W-H2,7-Aug-21,West,Hydric,2,W-H2,O2,8,9.5,9,9,8.9,1.4,126.5,125.1,27.97,26.57,0.15,78.8,3.71,Shipment 1,9/24/2021,9/27/2021,Partially thawed,Bag 58,,,,17,,
20210807-W-H3_O1,20210807-W-H3,7-Aug-21,West,Hydric,3,W-H3,O1,9,10,10,10,9.8,1.4,131.9,130.5,,,,,,Shipment 1,9/24/2021,9/27/2021,Mostly Thawed,West are Bag 2 of 2,,,,,,
20210807-W-H3_O2,20210807-W-H3,7-Aug-21,West,Hydric,3,W-H3,O2,8,8,8.5,8.5,8.3,1.4,115,113.6,,,,,,Shipment 1,9/24/2021,9/27/2021,Mostly Thawed,West are Bag 2 of 2,,,,,,
